[{"model": "admin.logentry", "pk": 1, "fields": {"action_time": "2022-03-30T09:48:37.289Z", "user": 1, "content_type": 11, "object_id": "1", "object_repr": "Программирование", "action_flag": 1, "change_message": "[{\"added\": {}}]"}}, {"model": "admin.logentry", "pk": 2, "fields": {"action_time": "2022-03-30T09:48:49.527Z", "user": 1, "content_type": 11, "object_id": "2", "object_repr": "Дизайн", "action_flag": 1, "change_message": "[{\"added\": {}}]"}}, {"model": "admin.logentry", "pk": 3, "fields": {"action_time": "2022-03-30T09:49:21.748Z", "user": 1, "content_type": 11, "object_id": "3", "object_repr": "Веб-разработка", "action_flag": 1, "change_message": "[{\"added\": {}}]"}}, {"model": "admin.logentry", "pk": 4, "fields": {"action_time": "2022-03-30T09:58:53.074Z", "user": 1, "content_type": 17, "object_id": "1", "object_repr": "Тест", "action_flag": 2, "change_message": "[]"}}, {"model": "admin.logentry", "pk": 5, "fields": {"action_time": "2022-03-30T09:59:20.226Z", "user": 1, "content_type": 17, "object_id": "1", "object_repr": "Тест", "action_flag": 2, "change_message": "[{\"changed\": {\"fields\": [\"\\u0425\\u0430\\u0431\"]}}]"}}, {"model": "admin.logentry", "pk": 6, "fields": {"action_time": "2022-03-30T09:59:49.149Z", "user": 1, "content_type": 17, "object_id": "1", "object_repr": "Тест", "action_flag": 2, "change_message": "[{\"changed\": {\"fields\": [\"Tags\"]}}]"}}, {"model": "admin.logentry", "pk": 7, "fields": {"action_time": "2022-03-30T10:00:35.286Z", "user": 1, "content_type": 17, "object_id": "1", "object_repr": "Тест", "action_flag": 2, "change_message": "[{\"changed\": {\"fields\": [\"\\u042d\\u043b\\u0438\\u0430\\u0441 \\u0434\\u043b\\u044f \\u0443\\u0440\\u043b\\u0430\"]}}]"}}, {"model": "admin.logentry", "pk": 8, "fields": {"action_time": "2022-03-30T10:10:08.417Z", "user": 1, "content_type": 14, "object_id": "1", "object_repr": "notification of None 1", "action_flag": 3, "change_message": ""}}, {"model": "admin.logentry", "pk": 9, "fields": {"action_time": "2022-03-30T16:45:36.640Z", "user": 1, "content_type": 17, "object_id": "6", "object_repr": "Temporibus autem quibusdam et aut officiis debitis aut", "action_flag": 2, "change_message": "[{\"changed\": {\"fields\": [\"\\u042d\\u043b\\u0438\\u0430\\u0441 \\u0434\\u043b\\u044f \\u0443\\u0440\\u043b\\u0430\", \"\\u0410\\u0432\\u0442\\u043e\\u0440\"]}}]"}}, {"model": "admin.logentry", "pk": 10, "fields": {"action_time": "2022-03-31T09:49:33.843Z", "user": 1, "content_type": 17, "object_id": "10", "object_repr": "Проверка", "action_flag": 2, "change_message": "[{\"changed\": {\"fields\": [\"\\u042d\\u043b\\u0438\\u0430\\u0441 \\u0434\\u043b\\u044f \\u0443\\u0440\\u043b\\u0430\", \"\\u0410\\u0432\\u0442\\u043e\\u0440\", \"Status\"]}}]"}}, {"model": "admin.logentry", "pk": 11, "fields": {"action_time": "2022-03-31T10:06:06.449Z", "user": 1, "content_type": 17, "object_id": "16", "object_repr": "Проверка", "action_flag": 3, "change_message": ""}}, {"model": "admin.logentry", "pk": 12, "fields": {"action_time": "2022-03-31T10:06:06.464Z", "user": 1, "content_type": 17, "object_id": "15", "object_repr": "Проверка", "action_flag": 3, "change_message": ""}}, {"model": "admin.logentry", "pk": 13, "fields": {"action_time": "2022-03-31T10:06:06.468Z", "user": 1, "content_type": 17, "object_id": "14", "object_repr": "Проверка", "action_flag": 3, "change_message": ""}}, {"model": "admin.logentry", "pk": 14, "fields": {"action_time": "2022-03-31T10:06:06.473Z", "user": 1, "content_type": 17, "object_id": "13", "object_repr": "Проверка", "action_flag": 3, "change_message": ""}}, {"model": "admin.logentry", "pk": 15, "fields": {"action_time": "2022-03-31T10:08:28.500Z", "user": 1, "content_type": 17, "object_id": "17", "object_repr": "Проверка", "action_flag": 3, "change_message": ""}}, {"model": "admin.logentry", "pk": 16, "fields": {"action_time": "2022-03-31T13:28:56.464Z", "user": 1, "content_type": 17, "object_id": "21", "object_repr": "Куда улетают птицы", "action_flag": 3, "change_message": ""}}, {"model": "admin.logentry", "pk": 17, "fields": {"action_time": "2022-03-31T13:28:56.472Z", "user": 1, "content_type": 17, "object_id": "11", "object_repr": "Test", "action_flag": 3, "change_message": ""}}, {"model": "admin.logentry", "pk": 18, "fields": {"action_time": "2022-03-31T13:38:51.178Z", "user": 1, "content_type": 17, "object_id": "22", "object_repr": "test", "action_flag": 3, "change_message": ""}}, {"model": "admin.logentry", "pk": 19, "fields": {"action_time": "2022-03-31T16:47:48.574Z", "user": 1, "content_type": 17, "object_id": "23", "object_repr": "Donec porta nibh velit, et sodales", "action_flag": 2, "change_message": "[{\"changed\": {\"fields\": [\"\\u041f\\u043e\\u043b\\u043d\\u044b\\u0439 \\u0442\\u0435\\u043a\\u0441\\u0442\"]}}]"}}, {"model": "auth.permission", "pk": 1, "fields": {"name": "Can add log entry", "content_type": 1, "codename": "add_logentry"}}, {"model": "auth.permission", "pk": 2, "fields": {"name": "Can change log entry", "content_type": 1, "codename": "change_logentry"}}, {"model": "auth.permission", "pk": 3, "fields": {"name": "Can delete log entry", "content_type": 1, "codename": "delete_logentry"}}, {"model": "auth.permission", "pk": 4, "fields": {"name": "Can view log entry", "content_type": 1, "codename": "view_logentry"}}, {"model": "auth.permission", "pk": 5, "fields": {"name": "Can add permission", "content_type": 2, "codename": "add_permission"}}, {"model": "auth.permission", "pk": 6, "fields": {"name": "Can change permission", "content_type": 2, "codename": "change_permission"}}, {"model": "auth.permission", "pk": 7, "fields": {"name": "Can delete permission", "content_type": 2, "codename": "delete_permission"}}, {"model": "auth.permission", "pk": 8, "fields": {"name": "Can view permission", "content_type": 2, "codename": "view_permission"}}, {"model": "auth.permission", "pk": 9, "fields": {"name": "Can add group", "content_type": 3, "codename": "add_group"}}, {"model": "auth.permission", "pk": 10, "fields": {"name": "Can change group", "content_type": 3, "codename": "change_group"}}, {"model": "auth.permission", "pk": 11, "fields": {"name": "Can delete group", "content_type": 3, "codename": "delete_group"}}, {"model": "auth.permission", "pk": 12, "fields": {"name": "Can view group", "content_type": 3, "codename": "view_group"}}, {"model": "auth.permission", "pk": 13, "fields": {"name": "Can add content type", "content_type": 4, "codename": "add_contenttype"}}, {"model": "auth.permission", "pk": 14, "fields": {"name": "Can change content type", "content_type": 4, "codename": "change_contenttype"}}, {"model": "auth.permission", "pk": 15, "fields": {"name": "Can delete content type", "content_type": 4, "codename": "delete_contenttype"}}, {"model": "auth.permission", "pk": 16, "fields": {"name": "Can view content type", "content_type": 4, "codename": "view_contenttype"}}, {"model": "auth.permission", "pk": 17, "fields": {"name": "Can add session", "content_type": 5, "codename": "add_session"}}, {"model": "auth.permission", "pk": 18, "fields": {"name": "Can change session", "content_type": 5, "codename": "change_session"}}, {"model": "auth.permission", "pk": 19, "fields": {"name": "Can delete session", "content_type": 5, "codename": "delete_session"}}, {"model": "auth.permission", "pk": 20, "fields": {"name": "Can view session", "content_type": 5, "codename": "view_session"}}, {"model": "auth.permission", "pk": 21, "fields": {"name": "Can add Blacklisted IP", "content_type": 6, "codename": "add_blacklistip"}}, {"model": "auth.permission", "pk": 22, "fields": {"name": "Can change Blacklisted IP", "content_type": 6, "codename": "change_blacklistip"}}, {"model": "auth.permission", "pk": 23, "fields": {"name": "Can delete Blacklisted IP", "content_type": 6, "codename": "delete_blacklistip"}}, {"model": "auth.permission", "pk": 24, "fields": {"name": "Can view Blacklisted IP", "content_type": 6, "codename": "view_blacklistip"}}, {"model": "auth.permission", "pk": 25, "fields": {"name": "Can add Blacklisted User Agent", "content_type": 7, "codename": "add_blacklistuseragent"}}, {"model": "auth.permission", "pk": 26, "fields": {"name": "Can change Blacklisted User Agent", "content_type": 7, "codename": "change_blacklistuseragent"}}, {"model": "auth.permission", "pk": 27, "fields": {"name": "Can delete Blacklisted User Agent", "content_type": 7, "codename": "delete_blacklistuseragent"}}, {"model": "auth.permission", "pk": 28, "fields": {"name": "Can view Blacklisted User Agent", "content_type": 7, "codename": "view_blacklistuseragent"}}, {"model": "auth.permission", "pk": 29, "fields": {"name": "Can add hit", "content_type": 8, "codename": "add_hit"}}, {"model": "auth.permission", "pk": 30, "fields": {"name": "Can change hit", "content_type": 8, "codename": "change_hit"}}, {"model": "auth.permission", "pk": 31, "fields": {"name": "Can delete hit", "content_type": 8, "codename": "delete_hit"}}, {"model": "auth.permission", "pk": 32, "fields": {"name": "Can view hit", "content_type": 8, "codename": "view_hit"}}, {"model": "auth.permission", "pk": 33, "fields": {"name": "Can add hit count", "content_type": 9, "codename": "add_hitcount"}}, {"model": "auth.permission", "pk": 34, "fields": {"name": "Can change hit count", "content_type": 9, "codename": "change_hitcount"}}, {"model": "auth.permission", "pk": 35, "fields": {"name": "Can delete hit count", "content_type": 9, "codename": "delete_hitcount"}}, {"model": "auth.permission", "pk": 36, "fields": {"name": "Can view hit count", "content_type": 9, "codename": "view_hitcount"}}, {"model": "auth.permission", "pk": 37, "fields": {"name": "Can add comment", "content_type": 10, "codename": "add_comment"}}, {"model": "auth.permission", "pk": 38, "fields": {"name": "Can change comment", "content_type": 10, "codename": "change_comment"}}, {"model": "auth.permission", "pk": 39, "fields": {"name": "Can delete comment", "content_type": 10, "codename": "delete_comment"}}, {"model": "auth.permission", "pk": 40, "fields": {"name": "Can view comment", "content_type": 10, "codename": "view_comment"}}, {"model": "auth.permission", "pk": 41, "fields": {"name": "Can add hub", "content_type": 11, "codename": "add_hub"}}, {"model": "auth.permission", "pk": 42, "fields": {"name": "Can change hub", "content_type": 11, "codename": "change_hub"}}, {"model": "auth.permission", "pk": 43, "fields": {"name": "Can delete hub", "content_type": 11, "codename": "delete_hub"}}, {"model": "auth.permission", "pk": 44, "fields": {"name": "Can view hub", "content_type": 11, "codename": "view_hub"}}, {"model": "auth.permission", "pk": 45, "fields": {"name": "Can add like dislike", "content_type": 12, "codename": "add_likedislike"}}, {"model": "auth.permission", "pk": 46, "fields": {"name": "Can change like dislike", "content_type": 12, "codename": "change_likedislike"}}, {"model": "auth.permission", "pk": 47, "fields": {"name": "Can delete like dislike", "content_type": 12, "codename": "delete_likedislike"}}, {"model": "auth.permission", "pk": 48, "fields": {"name": "Can view like dislike", "content_type": 12, "codename": "view_likedislike"}}, {"model": "auth.permission", "pk": 49, "fields": {"name": "Can add moderation", "content_type": 13, "codename": "add_moderation"}}, {"model": "auth.permission", "pk": 50, "fields": {"name": "Can change moderation", "content_type": 13, "codename": "change_moderation"}}, {"model": "auth.permission", "pk": 51, "fields": {"name": "Can delete moderation", "content_type": 13, "codename": "delete_moderation"}}, {"model": "auth.permission", "pk": 52, "fields": {"name": "Can view moderation", "content_type": 13, "codename": "view_moderation"}}, {"model": "auth.permission", "pk": 53, "fields": {"name": "Can add notification", "content_type": 14, "codename": "add_notification"}}, {"model": "auth.permission", "pk": 54, "fields": {"name": "Can change notification", "content_type": 14, "codename": "change_notification"}}, {"model": "auth.permission", "pk": 55, "fields": {"name": "Can delete notification", "content_type": 14, "codename": "delete_notification"}}, {"model": "auth.permission", "pk": 56, "fields": {"name": "Can view notification", "content_type": 14, "codename": "view_notification"}}, {"model": "auth.permission", "pk": 57, "fields": {"name": "Can add tag", "content_type": 15, "codename": "add_tag"}}, {"model": "auth.permission", "pk": 58, "fields": {"name": "Can change tag", "content_type": 15, "codename": "change_tag"}}, {"model": "auth.permission", "pk": 59, "fields": {"name": "Can delete tag", "content_type": 15, "codename": "delete_tag"}}, {"model": "auth.permission", "pk": 60, "fields": {"name": "Can view tag", "content_type": 15, "codename": "view_tag"}}, {"model": "auth.permission", "pk": 61, "fields": {"name": "Can add tagged item", "content_type": 16, "codename": "add_taggeditem"}}, {"model": "auth.permission", "pk": 62, "fields": {"name": "Can change tagged item", "content_type": 16, "codename": "change_taggeditem"}}, {"model": "auth.permission", "pk": 63, "fields": {"name": "Can delete tagged item", "content_type": 16, "codename": "delete_taggeditem"}}, {"model": "auth.permission", "pk": 64, "fields": {"name": "Can view tagged item", "content_type": 16, "codename": "view_taggeditem"}}, {"model": "auth.permission", "pk": 65, "fields": {"name": "Can add post", "content_type": 17, "codename": "add_post"}}, {"model": "auth.permission", "pk": 66, "fields": {"name": "Can change post", "content_type": 17, "codename": "change_post"}}, {"model": "auth.permission", "pk": 67, "fields": {"name": "Can delete post", "content_type": 17, "codename": "delete_post"}}, {"model": "auth.permission", "pk": 68, "fields": {"name": "Can view post", "content_type": 17, "codename": "view_post"}}, {"model": "auth.permission", "pk": 69, "fields": {"name": "Can add user", "content_type": 18, "codename": "add_user"}}, {"model": "auth.permission", "pk": 70, "fields": {"name": "Can change user", "content_type": 18, "codename": "change_user"}}, {"model": "auth.permission", "pk": 71, "fields": {"name": "Can delete user", "content_type": 18, "codename": "delete_user"}}, {"model": "auth.permission", "pk": 72, "fields": {"name": "Can view user", "content_type": 18, "codename": "view_user"}}, {"model": "auth.permission", "pk": 73, "fields": {"name": "Can add association", "content_type": 19, "codename": "add_association"}}, {"model": "auth.permission", "pk": 74, "fields": {"name": "Can change association", "content_type": 19, "codename": "change_association"}}, {"model": "auth.permission", "pk": 75, "fields": {"name": "Can delete association", "content_type": 19, "codename": "delete_association"}}, {"model": "auth.permission", "pk": 76, "fields": {"name": "Can view association", "content_type": 19, "codename": "view_association"}}, {"model": "auth.permission", "pk": 77, "fields": {"name": "Can add code", "content_type": 20, "codename": "add_code"}}, {"model": "auth.permission", "pk": 78, "fields": {"name": "Can change code", "content_type": 20, "codename": "change_code"}}, {"model": "auth.permission", "pk": 79, "fields": {"name": "Can delete code", "content_type": 20, "codename": "delete_code"}}, {"model": "auth.permission", "pk": 80, "fields": {"name": "Can view code", "content_type": 20, "codename": "view_code"}}, {"model": "auth.permission", "pk": 81, "fields": {"name": "Can add nonce", "content_type": 21, "codename": "add_nonce"}}, {"model": "auth.permission", "pk": 82, "fields": {"name": "Can change nonce", "content_type": 21, "codename": "change_nonce"}}, {"model": "auth.permission", "pk": 83, "fields": {"name": "Can delete nonce", "content_type": 21, "codename": "delete_nonce"}}, {"model": "auth.permission", "pk": 84, "fields": {"name": "Can view nonce", "content_type": 21, "codename": "view_nonce"}}, {"model": "auth.permission", "pk": 85, "fields": {"name": "Can add user social auth", "content_type": 22, "codename": "add_usersocialauth"}}, {"model": "auth.permission", "pk": 86, "fields": {"name": "Can change user social auth", "content_type": 22, "codename": "change_usersocialauth"}}, {"model": "auth.permission", "pk": 87, "fields": {"name": "Can delete user social auth", "content_type": 22, "codename": "delete_usersocialauth"}}, {"model": "auth.permission", "pk": 88, "fields": {"name": "Can view user social auth", "content_type": 22, "codename": "view_usersocialauth"}}, {"model": "auth.permission", "pk": 89, "fields": {"name": "Can add partial", "content_type": 23, "codename": "add_partial"}}, {"model": "auth.permission", "pk": 90, "fields": {"name": "Can change partial", "content_type": 23, "codename": "change_partial"}}, {"model": "auth.permission", "pk": 91, "fields": {"name": "Can delete partial", "content_type": 23, "codename": "delete_partial"}}, {"model": "auth.permission", "pk": 92, "fields": {"name": "Can view partial", "content_type": 23, "codename": "view_partial"}}, {"model": "auth.permission", "pk": 93, "fields": {"name": "Can add complaint", "content_type": 24, "codename": "add_complaint"}}, {"model": "auth.permission", "pk": 94, "fields": {"name": "Can change complaint", "content_type": 24, "codename": "change_complaint"}}, {"model": "auth.permission", "pk": 95, "fields": {"name": "Can delete complaint", "content_type": 24, "codename": "delete_complaint"}}, {"model": "auth.permission", "pk": 96, "fields": {"name": "Can view complaint", "content_type": 24, "codename": "view_complaint"}}, {"model": "auth.permission", "pk": 97, "fields": {"name": "Can add ru tag", "content_type": 25, "codename": "add_rutag"}}, {"model": "auth.permission", "pk": 98, "fields": {"name": "Can change ru tag", "content_type": 25, "codename": "change_rutag"}}, {"model": "auth.permission", "pk": 99, "fields": {"name": "Can delete ru tag", "content_type": 25, "codename": "delete_rutag"}}, {"model": "auth.permission", "pk": 100, "fields": {"name": "Can view ru tag", "content_type": 25, "codename": "view_rutag"}}, {"model": "auth.permission", "pk": 101, "fields": {"name": "Can add ru tagged item", "content_type": 26, "codename": "add_rutaggeditem"}}, {"model": "auth.permission", "pk": 102, "fields": {"name": "Can change ru tagged item", "content_type": 26, "codename": "change_rutaggeditem"}}, {"model": "auth.permission", "pk": 103, "fields": {"name": "Can delete ru tagged item", "content_type": 26, "codename": "delete_rutaggeditem"}}, {"model": "auth.permission", "pk": 104, "fields": {"name": "Can view ru tagged item", "content_type": 26, "codename": "view_rutaggeditem"}}, {"model": "contenttypes.contenttype", "pk": 1, "fields": {"app_label": "admin", "model": "logentry"}}, {"model": "contenttypes.contenttype", "pk": 2, "fields": {"app_label": "auth", "model": "permission"}}, {"model": "contenttypes.contenttype", "pk": 3, "fields": {"app_label": "auth", "model": "group"}}, {"model": "contenttypes.contenttype", "pk": 4, "fields": {"app_label": "contenttypes", "model": "contenttype"}}, {"model": "contenttypes.contenttype", "pk": 5, "fields": {"app_label": "sessions", "model": "session"}}, {"model": "contenttypes.contenttype", "pk": 6, "fields": {"app_label": "hitcount", "model": "blacklistip"}}, {"model": "contenttypes.contenttype", "pk": 7, "fields": {"app_label": "hitcount", "model": "blacklistuseragent"}}, {"model": "contenttypes.contenttype", "pk": 8, "fields": {"app_label": "hitcount", "model": "hit"}}, {"model": "contenttypes.contenttype", "pk": 9, "fields": {"app_label": "hitcount", "model": "hitcount"}}, {"model": "contenttypes.contenttype", "pk": 10, "fields": {"app_label": "comments", "model": "comment"}}, {"model": "contenttypes.contenttype", "pk": 11, "fields": {"app_label": "hub", "model": "hub"}}, {"model": "contenttypes.contenttype", "pk": 12, "fields": {"app_label": "likes", "model": "likedislike"}}, {"model": "contenttypes.contenttype", "pk": 13, "fields": {"app_label": "moderation", "model": "moderation"}}, {"model": "contenttypes.contenttype", "pk": 14, "fields": {"app_label": "notifications", "model": "notification"}}, {"model": "contenttypes.contenttype", "pk": 15, "fields": {"app_label": "taggit", "model": "tag"}}, {"model": "contenttypes.contenttype", "pk": 16, "fields": {"app_label": "taggit", "model": "taggeditem"}}, {"model": "contenttypes.contenttype", "pk": 17, "fields": {"app_label": "posts", "model": "post"}}, {"model": "contenttypes.contenttype", "pk": 18, "fields": {"app_label": "users", "model": "user"}}, {"model": "contenttypes.contenttype", "pk": 19, "fields": {"app_label": "social_django", "model": "association"}}, {"model": "contenttypes.contenttype", "pk": 20, "fields": {"app_label": "social_django", "model": "code"}}, {"model": "contenttypes.contenttype", "pk": 21, "fields": {"app_label": "social_django", "model": "nonce"}}, {"model": "contenttypes.contenttype", "pk": 22, "fields": {"app_label": "social_django", "model": "usersocialauth"}}, {"model": "contenttypes.contenttype", "pk": 23, "fields": {"app_label": "social_django", "model": "partial"}}, {"model": "contenttypes.contenttype", "pk": 24, "fields": {"app_label": "complaints", "model": "complaint"}}, {"model": "contenttypes.contenttype", "pk": 25, "fields": {"app_label": "posts", "model": "rutag"}}, {"model": "contenttypes.contenttype", "pk": 26, "fields": {"app_label": "posts", "model": "rutaggeditem"}}, {"model": "sessions.session", "pk": "18th04sdbzfejztrr6iwsjdj73hnvjqw", "fields": {"session_data": "eyJuZXh0IjoiLyIsInZrLW9hdXRoMl9zdGF0ZSI6IkRGZ1Q4R3JzdU1SZmR3RzNiaFFlMFJRdXRPVjVsSTNwIn0:1nZxsy:4cMYNLhBJIP_dmc5y6pyUooVEP9mpUgasJLya5Co3IA", "expire_date": "2022-04-14T16:43:00.130Z"}}, {"model": "sessions.session", "pk": "3imwy67u16v3z89pdtoge7py6nx2yiab", "fields": {"session_data": "eyJuZXh0IjoiLyIsInZrLW9hdXRoMl9zdGF0ZSI6IlFYZ3MzZ1M1UzQ3NUJEaUh3bVRpb1dxTUhGNktuZ3FOIn0:1nZzQX:F52ZNHpEKkt_2ajfXJD5iLsyXTpKBkGJyO5XS4BVf3k", "expire_date": "2022-04-14T18:21:45.346Z"}}, {"model": "sessions.session", "pk": "6gg0od5ru5wdrwqz86w8b51v5xmv175p", "fields": {"session_data": ".eJxVj0EOgjAQRe_StaK0MAV3xsQNGo2JJq6aobSAIKgtxmi8u8UYo4vZvMn7f-ZBGnWzZEJGZECu1bDFzhZUGItWOaoP8rjYzTZrVMk22idrFudddT-cb8FyOz8tnSR6Q3RGXUSZOQX-WYqyUk2_MK0ssRayvSjvQ413rbxdspr2pf9egaZwUqC5n9GQpYDAMsq5hChyw0PUgYwQQp3CmGqmMU6Rg2IhGysAYFT7fowu9NP7jq7RWFG3edn8HPZ9mzxfko9ZDA:1nZr0R:3JrlLLnswpym3teAydcCl2uNUk3SA1h_E4Ej1k74lB8", "expire_date": "2022-04-14T09:22:15.899Z"}}, {"model": "sessions.session", "pk": "6x79hia3kc2qkkueoqqvli9k370a50bu", "fields": {"session_data": ".eJxVjEEOwiAQRe_C2hCgwFCX7j0DYYZBqoYmpV0Z765NutDtf-_9l4hpW2vcOi9xyuIsrDj9bpjowW0H-Z7abZY0t3WZUO6KPGiX1znz83K4fwc19fqtwQNjAZ-HEjRZKAGctazHEUCT9ujROIMBU3EO_RBIsVOBNKkMbJR4fwDYaDeG:1nZbaM:wIl4oKa8TXh3bvWD3UMVLHSN3OpgbkjCnSuQTNMBNyY", "expire_date": "2022-04-13T16:54:18.059Z"}}, {"model": "sessions.session", "pk": "9t5ftakdok9efsbwsas4eb479brari81", "fields": {"session_data": ".eJxVj02LwjAQhv9LzmvXxH5MvSkIiod1YenBS5iMSVtaGmhit0X2v28qInqYyzM87ztzY50ePVuzT_bBhmZh8eorIZ1HrwMtgdN5f_jOznUxbk-qLwZrph9-3P2WduqrIMnZkFene1lfggLvTCE1upsXzlKNrSTb6-hBXTQ0UXH82syl716FrgrSSqnMLE2iQIch5LmJRS5giQYzwROeCUxiQSiAIAVYAVKSx-KiOFBq0hD66L1Ht-i8bG1Zdy-HPd9mf__uJFmQ:1nZt2E:IE5c40DzVT7PkT55f9OZYo5mWQKl2TYskRBpIVIsDBA", "expire_date": "2022-04-14T11:32:14.210Z"}}, {"model": "sessions.session", "pk": "bsw9g329k0yf5pezvwe1vichpjo6nj0m", "fields": {"session_data": "e30:1nZsFU:DwEHMeNVmwqKjIN9ihr1DJtfpcs5fEXbUnMbqQGGfXo", "expire_date": "2022-04-14T10:41:52.732Z"}}, {"model": "sessions.session", "pk": "guiyrd21n0hlgmols45iv51cdzvgdcpv", "fields": {"session_data": "eyJuZXh0IjoiLyIsInZrLW9hdXRoMl9zdGF0ZSI6IlZ5amw4eERwdUdsN0lic1JpVmkxZEpyZXZsZDcxTkZXIn0:1nZzQL:9dpyDiWQjNMhuyrpbKVcz5oEw6G_EWXfgWid3W0LoIo", "expire_date": "2022-04-14T18:21:33.438Z"}}, {"model": "sessions.session", "pk": "gxjnw2kac99lvo3myhzx3oqby99x29rz", "fields": {"session_data": ".eJxVjDsOwjAQBe_iGlk2WX9CSZ8zWLtrBweQLcVJhbg7WEoBzSvejOYlAu5bDntLa1iiuAgjTr8fIT9S6SDesdyq5Fq2dSHZFXnQJqca0_N6uH-BjC337JkVzAw8ExmjLZLXykBybhjR6-gUjv473pJxxKDQIKEHQNaDs1q8P-EFN5I:1nZb9A:NaRan0TD6EGRgygfmZIDRdSNLt2j2Hl8Fv1_n3v2ozY", "expire_date": "2022-04-13T16:26:12.561Z"}}, {"model": "sessions.session", "pk": "h1kzqkq4yth8ijb29kubqpt0wn0z2j1z", "fields": {"session_data": ".eJxVj0FugzAQRe_idUrADmPorpESqaI0XVFlZQ3GDgiEJWxIaNS711SoahazeaP3_8yd9OrmyDPZkg2Z2ieDo6upsA6d8tR1w5xPX_uDyT6z4vUtNVcr8-N5nsf3D3qWXhKLIUarBtFUXoFHVqJsVb8srJENdkKaQQUrtcHUBkV2ellKH70abe2lneZRRWNWAgKrKOcSksQPj1HvZIIQ6xJCqpnGtEQOisUsVADAqI6iFH3o2vsb3aF1ojOXpv932N_b5PsHHNRZpA:1nZxbO:qgcwpl-UqddTuRxZ1kIyvwM6IlKeltGyRFZp2iM2bqE", "expire_date": "2022-04-14T16:24:50.625Z"}}, {"model": "sessions.session", "pk": "ij0n1qegh6eapkutbk6yvaer0nv0yi24", "fields": {"session_data": ".eJxVjMEOwiAQBf-FsyHAFgGP3vsNhIVFqgaS0p6M_64kPejpJW8m82I-7Fvxe6fVL4ldmGSn3w9DfFAdIN1DvTUeW93WBflQ-EE7n1ui5_Vw_wIl9DKyQEaAdBrJgVDubIz6TnQSMiSZUSrhopjQWoKkwOmkY5goI1hU2rD3B6tsNuE:1nZyOL:EBWRyi2b7aSRpYbjFLEvoMq10SYKedY6V9T8TYOxCP8", "expire_date": "2022-04-14T17:15:25.752Z"}}, {"model": "sessions.session", "pk": "l16j70hjl9ucn7x2ksh051515tq4mdsb", "fields": {"session_data": ".eJxVj8GKwjAQht8lZ602sZPW214WQZbtxdVbmKYTUxsaaKKIsu9uusiih7l8w_f_M3c20DWyNVuwGbv0c4_naLkKESMl-lmKw25_oNsJvYNuc_vi9TBacHW9qSxdk6QmQ50DjaprkwLvrEHd0zAtgtcdOqX9SNmThuzSZz_b74-p9N2zGGySVkbmLS9EAwii5VJqKMs0skCz0iVCYRpYciMMVg1KIFGIJQGA4CbPK0yhz96_aIchKueP3fBy2P_b7PcBjuZZDA:1nZzOw:fMFF08YFU6vaiFbQz6eJqRbTzgbYPQ5u_xb8CCWFv1Q", "expire_date": "2022-04-14T18:20:06.607Z"}}, {"model": "sessions.session", "pk": "ltnh71dobm1hg1dr18mdvgzmvh5mmyf7", "fields": {"session_data": ".eJxVjMEOwiAQBf-FsyHAFgGP3vsNhIVFqgaS0p6M_64kPejpJW8m82I-7Fvxe6fVL4ldmGSn3w9DfFAdIN1DvTUeW93WBflQ-EE7n1ui5_Vw_wIl9DKyQEaAdBrJgVDubIz6TnQSMiSZUSrhopjQWoKkwOmkY5goI1hU2rD3B6tsNuE:1nZtoW:HDbDmpKOU471yCnu-wmggmaFUAugCNyEhRMQaWnUqGQ", "expire_date": "2022-04-14T12:22:08.934Z"}}, {"model": "sessions.session", "pk": "telpvpa3yno9n3llrqcpyo10az5002z4", "fields": {"session_data": ".eJxVjMEOwiAQBf-FsyHAFgGP3vsNhIVFqgaS0p6M_64kPejpJW8m82I-7Fvxe6fVL4ldmGSn3w9DfFAdIN1DvTUeW93WBflQ-EE7n1ui5_Vw_wIl9DKyQEaAdBrJgVDubIz6TnQSMiSZUSrhopjQWoKkwOmkY5goI1hU2rD3B6tsNuE:1nZuqp:Mru1AvS1WegTnHzRO84nUKIcgtY0KSCY_vHb-nPO41o", "expire_date": "2022-04-14T13:28:35.884Z"}}, {"model": "sessions.session", "pk": "ty4gxgp1wlo21s1q7l5mntpodpczjn5u", "fields": {"session_data": "eyJuZXh0IjoiLyIsInZrLW9hdXRoMl9zdGF0ZSI6ImxSWjNRa3JudUZ1NTl0bjdBdFNxZFNOT2gxUUQxZUh3In0:1nZzIF:wsaIIY5AqTdAODMmGDIk6yL3xAmwg2VL96b9QwLha0c", "expire_date": "2022-04-14T18:13:11.783Z"}}, {"model": "sessions.session", "pk": "wpn9kp38dd5nx1r2mt1ew4s0np288psk", "fields": {"session_data": ".eJxVjDsOwjAQBe_iGlnGn91ASc8ZrPV6gwPIluKkQtwdIqWA9s3Me6lI61Li2mWOU1ZnherwuyXih9QN5DvVW9Pc6jJPSW-K3mnX15bledndv4NCvXzr4HAAYwUc5GAJTtkGQUxmBI9uECZGACTJ7AGCZc9sCJJJ1hs3HtX7A8mMN3U:1nZs0T:3EKuETLdHIoomdlNf-6kNz9UfbSh8GOnygFZVa-iPew", "expire_date": "2022-04-14T10:26:21.667Z"}}, {"model": "taggit.tag", "pk": 1, "fields": {"name": "Test", "slug": "test"}}, {"model": "taggit.tag", "pk": 2, "fields": {"name": "ipsum", "slug": "ipsum"}}, {"model": "taggit.tag", "pk": 3, "fields": {"name": "lorem", "slug": "lorem"}}, {"model": "taggit.tag", "pk": 4, "fields": {"name": "Bookmarksgrove", "slug": "bookmarksgrove"}}, {"model": "taggit.tag", "pk": 5, "fields": {"name": "language", "slug": "language"}}, {"model": "taggit.tag", "pk": 6, "fields": {"name": "placerat", "slug": "placerat"}}, {"model": "taggit.tag", "pk": 7, "fields": {"name": "aenean", "slug": "aenean"}}, {"model": "taggit.tag", "pk": 8, "fields": {"name": "volutpat", "slug": "volutpat"}}, {"model": "taggit.tag", "pk": 9, "fields": {"name": "fringilla", "slug": "fringilla"}}, {"model": "taggit.taggeditem", "pk": 2, "fields": {"tag": 2, "content_type": 17, "object_id": 2}}, {"model": "taggit.taggeditem", "pk": 3, "fields": {"tag": 3, "content_type": 17, "object_id": 2}}, {"model": "taggit.taggeditem", "pk": 4, "fields": {"tag": 4, "content_type": 17, "object_id": 3}}, {"model": "taggit.taggeditem", "pk": 5, "fields": {"tag": 5, "content_type": 17, "object_id": 3}}, {"model": "taggit.taggeditem", "pk": 6, "fields": {"tag": 5, "content_type": 17, "object_id": 4}}, {"model": "taggit.taggeditem", "pk": 7, "fields": {"tag": 6, "content_type": 17, "object_id": 8}}, {"model": "taggit.taggeditem", "pk": 8, "fields": {"tag": 7, "content_type": 17, "object_id": 8}}, {"model": "taggit.taggeditem", "pk": 9, "fields": {"tag": 8, "content_type": 17, "object_id": 9}}, {"model": "taggit.taggeditem", "pk": 10, "fields": {"tag": 9, "content_type": 17, "object_id": 9}}, {"model": "taggit.taggeditem", "pk": 11, "fields": {"tag": 1, "content_type": 17, "object_id": 19}}, {"model": "taggit.taggeditem", "pk": 12, "fields": {"tag": 1, "content_type": 17, "object_id": 20}}, {"model": "hitcount.hitcount", "pk": 2, "fields": {"hits": 3, "modified": "2022-03-30T16:54:43.736Z", "content_type": 17, "object_pk": 6}}, {"model": "hitcount.hitcount", "pk": 3, "fields": {"hits": 5, "modified": "2022-03-31T16:26:00.119Z", "content_type": 17, "object_pk": 9}}, {"model": "hitcount.hitcount", "pk": 4, "fields": {"hits": 6, "modified": "2022-03-31T15:58:15.478Z", "content_type": 17, "object_pk": 8}}, {"model": "hitcount.hitcount", "pk": 5, "fields": {"hits": 1, "modified": "2022-03-31T16:46:46.161Z", "content_type": 17, "object_pk": 7}}, {"model": "hitcount.hitcount", "pk": 6, "fields": {"hits": 2, "modified": "2022-03-31T11:25:31.260Z", "content_type": 17, "object_pk": 5}}, {"model": "hitcount.hitcount", "pk": 7, "fields": {"hits": 0, "modified": "2022-03-30T16:53:05.567Z", "content_type": 17, "object_pk": 4}}, {"model": "hitcount.hitcount", "pk": 8, "fields": {"hits": 4, "modified": "2022-03-31T16:47:55.770Z", "content_type": 17, "object_pk": 3}}, {"model": "hitcount.hitcount", "pk": 9, "fields": {"hits": 1, "modified": "2022-03-31T16:37:52.692Z", "content_type": 17, "object_pk": 2}}, {"model": "hitcount.hitcount", "pk": 10, "fields": {"hits": 1, "modified": "2022-03-31T10:18:23.996Z", "content_type": 17, "object_pk": 10}}, {"model": "hitcount.hitcount", "pk": 11, "fields": {"hits": 1, "modified": "2022-03-31T10:20:41.003Z", "content_type": 17, "object_pk": 20}}, {"model": "hitcount.hitcount", "pk": 15, "fields": {"hits": 1, "modified": "2022-03-31T13:43:49.598Z", "content_type": 17, "object_pk": 12}}, {"model": "hitcount.hitcount", "pk": 16, "fields": {"hits": 4, "modified": "2022-03-31T16:53:18.996Z", "content_type": 17, "object_pk": 23}}, {"model": "hitcount.hitcount", "pk": 17, "fields": {"hits": 2, "modified": "2022-03-31T17:55:27.817Z", "content_type": 17, "object_pk": 24}}, {"model": "hitcount.hit", "pk": 2, "fields": {"created": "2022-03-30T16:45:56.908Z", "ip": "188.234.1.198", "session": "ib201e5e3q1t3vcctxykiilo2kfnvqjn", "user_agent": "Mozilla/5.0 (X11; Linux x86_64) AppleWebKit/537.36 (KHTML, like Gecko) Chrome/99.0.4844.74 Safari/537.36", "user": 1, "hitcount": 2}}, {"model": "hitcount.hit", "pk": 3, "fields": {"created": "2022-03-30T16:53:37.082Z", "ip": "188.234.1.198", "session": "su85dlzmqq7f4uhq7uks8rh951m0320f", "user_agent": "Mozilla/5.0 (X11; Linux x86_64) AppleWebKit/537.36 (KHTML, like Gecko) Chrome/99.0.4844.74 Safari/537.36", "user": null, "hitcount": 2}}, {"model": "hitcount.hit", "pk": 4, "fields": {"created": "2022-03-30T16:53:59.978Z", "ip": "188.234.1.198", "session": "su85dlzmqq7f4uhq7uks8rh951m0320f", "user_agent": "Mozilla/5.0 (X11; Linux x86_64) AppleWebKit/537.36 (KHTML, like Gecko) Chrome/99.0.4844.74 Safari/537.36", "user": null, "hitcount": 4}}, {"model": "hitcount.hit", "pk": 5, "fields": {"created": "2022-03-30T16:54:31.731Z", "ip": "188.234.1.198", "session": "6x79hia3kc2qkkueoqqvli9k370a50bu", "user_agent": "Mozilla/5.0 (X11; Linux x86_64) AppleWebKit/537.36 (KHTML, like Gecko) Chrome/99.0.4844.74 Safari/537.36", "user": 4, "hitcount": 4}}, {"model": "hitcount.hit", "pk": 6, "fields": {"created": "2022-03-30T16:54:43.743Z", "ip": "188.234.1.198", "session": "6x79hia3kc2qkkueoqqvli9k370a50bu", "user_agent": "Mozilla/5.0 (X11; Linux x86_64) AppleWebKit/537.36 (KHTML, like Gecko) Chrome/99.0.4844.74 Safari/537.36", "user": 4, "hitcount": 2}}, {"model": "hitcount.hit", "pk": 7, "fields": {"created": "2022-03-30T16:55:42.591Z", "ip": "188.234.1.198", "session": "6x79hia3kc2qkkueoqqvli9k370a50bu", "user_agent": "Mozilla/5.0 (X11; Linux x86_64) AppleWebKit/537.36 (KHTML, like Gecko) Chrome/99.0.4844.74 Safari/537.36", "user": 4, "hitcount": 6}}, {"model": "hitcount.hit", "pk": 8, "fields": {"created": "2022-03-30T16:55:56.538Z", "ip": "188.234.1.198", "session": "6x79hia3kc2qkkueoqqvli9k370a50bu", "user_agent": "Mozilla/5.0 (X11; Linux x86_64) AppleWebKit/537.36 (KHTML, like Gecko) Chrome/99.0.4844.74 Safari/537.36", "user": 4, "hitcount": 3}}, {"model": "hitcount.hit", "pk": 9, "fields": {"created": "2022-03-30T17:43:18.120Z", "ip": "188.234.1.198", "session": "d1ujl0i6ht8enxcnbrltsgkj4naredba", "user_agent": "Mozilla/5.0 (X11; Linux x86_64) AppleWebKit/537.36 (KHTML, like Gecko) Chrome/99.0.4844.74 Safari/537.36", "user": 5, "hitcount": 8}}, {"model": "hitcount.hit", "pk": 10, "fields": {"created": "2022-03-31T10:18:24.006Z", "ip": "178.176.76.125", "session": "cjaa39rtflg4j22wbxklacwh8ckuu021", "user_agent": "Mozilla/5.0 (iPhone; CPU iPhone OS 15_3_1 like Mac OS X) AppleWebKit/605.1.15 (KHTML, like Gecko) Version/15.3 Mobile/15E148 Safari/604.1", "user": 3, "hitcount": 10}}, {"model": "hitcount.hit", "pk": 11, "fields": {"created": "2022-03-31T10:20:41.012Z", "ip": "178.176.76.125", "session": "8xzobxpdtt235qllt7z5gorhe3jhsfj9", "user_agent": "Mozilla/5.0 (iPhone; CPU iPhone OS 15_3_1 like Mac OS X) AppleWebKit/605.1.15 (KHTML, like Gecko) Version/15.3 Mobile/15E148 Safari/604.1", "user": 6, "hitcount": 11}}, {"model": "hitcount.hit", "pk": 12, "fields": {"created": "2022-03-31T10:26:42.101Z", "ip": "109.73.42.170", "session": "wpn9kp38dd5nx1r2mt1ew4s0np288psk", "user_agent": "Mozilla/5.0 (iPhone; CPU iPhone OS 15_1 like Mac OS X) AppleWebKit/605.1.15 (KHTML, like Gecko) Version/15.1 Mobile/15E148 Safari/604.1", "user": 7, "hitcount": 3}}, {"model": "hitcount.hit", "pk": 13, "fields": {"created": "2022-03-31T10:26:43.430Z", "ip": "178.176.76.125", "session": "8xzobxpdtt235qllt7z5gorhe3jhsfj9", "user_agent": "Mozilla/5.0 (iPhone; CPU iPhone OS 15_3_1 like Mac OS X) AppleWebKit/605.1.15 (KHTML, like Gecko) Version/15.3 Mobile/15E148 Safari/604.1", "user": 6, "hitcount": 4}}, {"model": "hitcount.hit", "pk": 14, "fields": {"created": "2022-03-31T10:41:52.699Z", "ip": "31.173.81.231", "session": "bsw9g329k0yf5pezvwe1vichpjo6nj0m", "user_agent": "Mozilla/5.0 (iPhone; CPU iPhone OS 15_0 like Mac OS X) AppleWebKit/605.1.15 (KHTML, like Gecko) Version/15.0 Mobile/15E148 Safari/604.1", "user": null, "hitcount": 4}}, {"model": "hitcount.hit", "pk": 15, "fields": {"created": "2022-03-31T11:25:31.277Z", "ip": "178.176.76.125", "session": "wkhn4y6sk2sez1lwy7gbzefcy2dvlqed", "user_agent": "Mozilla/5.0 (iPhone; CPU iPhone OS 15_3_1 like Mac OS X) AppleWebKit/605.1.15 (KHTML, like Gecko) Version/15.3 Mobile/15E148 Safari/604.1", "user": 1, "hitcount": 6}}, {"model": "hitcount.hit", "pk": 16, "fields": {"created": "2022-03-31T11:25:33.609Z", "ip": "178.176.76.125", "session": "wkhn4y6sk2sez1lwy7gbzefcy2dvlqed", "user_agent": "Mozilla/5.0 (iPhone; CPU iPhone OS 15_3_1 like Mac OS X) AppleWebKit/605.1.15 (KHTML, like Gecko) Version/15.3 Mobile/15E148 Safari/604.1", "user": 1, "hitcount": 8}}, {"model": "hitcount.hit", "pk": 18, "fields": {"created": "2022-03-31T13:43:49.602Z", "ip": "78.138.137.170", "session": "telpvpa3yno9n3llrqcpyo10az5002z4", "user_agent": "Mozilla/5.0 (Windows NT 10.0; Win64; x64) AppleWebKit/537.36 (KHTML, like Gecko) Chrome/100.0.4896.60 Safari/537.36", "user": 1, "hitcount": 15}}, {"model": "hitcount.hit", "pk": 19, "fields": {"created": "2022-03-31T15:03:11.381Z", "ip": "176.116.142.196", "session": "f1g5frk15zzkwpx14jf12ixxkgmf6lws", "user_agent": "Mozilla/5.0 (Windows NT 10.0; Win64; x64) AppleWebKit/537.36 (KHTML, like Gecko) Chrome/99.0.4844.84 Safari/537.36", "user": 1, "hitcount": 4}}, {"model": "hitcount.hit", "pk": 20, "fields": {"created": "2022-03-31T15:56:38.670Z", "ip": "188.234.1.198", "session": "d1ujl0i6ht8enxcnbrltsgkj4naredba", "user_agent": "Mozilla/5.0 (X11; Linux x86_64) AppleWebKit/537.36 (KHTML, like Gecko) Chrome/99.0.4844.74 Safari/537.36", "user": 5, "hitcount": 3}}, {"model": "hitcount.hit", "pk": 21, "fields": {"created": "2022-03-31T15:58:15.484Z", "ip": "188.234.1.198", "session": "dww3ke3yi5xootv7ebbtmclr65fc9z0l", "user_agent": "Mozilla/5.0 (X11; Linux x86_64) AppleWebKit/537.36 (KHTML, like Gecko) Chrome/99.0.4844.74 Safari/537.36", "user": 5, "hitcount": 4}}, {"model": "hitcount.hit", "pk": 22, "fields": {"created": "2022-03-31T16:00:39.042Z", "ip": "188.234.1.198", "session": "i982qggmppoyif2a1tbh7iyqhg99i3i5", "user_agent": "Mozilla/5.0 (X11; Linux x86_64) AppleWebKit/537.36 (KHTML, like Gecko) Chrome/99.0.4844.74 Safari/537.36", "user": 1, "hitcount": 3}}, {"model": "hitcount.hit", "pk": 23, "fields": {"created": "2022-03-31T16:26:00.130Z", "ip": "62.217.186.108", "session": "h1kzqkq4yth8ijb29kubqpt0wn0z2j1z", "user_agent": "Mozilla/5.0 (X11; Linux x86_64) AppleWebKit/537.36 (KHTML, like Gecko) Chrome/99.0.4844.84 Safari/537.36", "user": 6, "hitcount": 3}}, {"model": "hitcount.hit", "pk": 24, "fields": {"created": "2022-03-31T16:37:52.702Z", "ip": "188.234.1.198", "session": "loqhabmzgex7nt7f6xaimtyidepp0ysz", "user_agent": "Mozilla/5.0 (X11; Linux x86_64) AppleWebKit/537.36 (KHTML, like Gecko) Chrome/99.0.4844.74 Safari/537.36", "user": 1, "hitcount": 9}}, {"model": "hitcount.hit", "pk": 25, "fields": {"created": "2022-03-31T16:41:03.084Z", "ip": "176.116.142.196", "session": "f1g5frk15zzkwpx14jf12ixxkgmf6lws", "user_agent": "Mozilla/5.0 (Windows NT 10.0; Win64; x64) AppleWebKit/537.36 (KHTML, like Gecko) Chrome/99.0.4844.84 Safari/537.36", "user": 1, "hitcount": 16}}, {"model": "hitcount.hit", "pk": 26, "fields": {"created": "2022-03-31T16:42:48.886Z", "ip": "176.116.142.196", "session": "bfnwjxhdkh64rhc3ptzeu4xrh6xciddv", "user_agent": "Mozilla/5.0 (Windows NT 10.0; Win64; x64) AppleWebKit/537.36 (KHTML, like Gecko) Chrome/99.0.4844.84 Safari/537.36", "user": 10, "hitcount": 16}}, {"model": "hitcount.hit", "pk": 27, "fields": {"created": "2022-03-31T16:46:02.969Z", "ip": "188.234.1.198", "session": "f1ztdfosghi8lpnru0237zdebjr6xtm3", "user_agent": "Mozilla/5.0 (X11; Linux x86_64) AppleWebKit/537.36 (KHTML, like Gecko) Chrome/99.0.4844.74 Safari/537.36", "user": null, "hitcount": 16}}, {"model": "hitcount.hit", "pk": 28, "fields": {"created": "2022-03-31T16:46:34.865Z", "ip": "188.234.1.198", "session": "f1ztdfosghi8lpnru0237zdebjr6xtm3", "user_agent": "Mozilla/5.0 (X11; Linux x86_64) AppleWebKit/537.36 (KHTML, like Gecko) Chrome/99.0.4844.74 Safari/537.36", "user": null, "hitcount": 8}}, {"model": "hitcount.hit", "pk": 29, "fields": {"created": "2022-03-31T16:46:46.170Z", "ip": "176.116.142.196", "session": "f1g5frk15zzkwpx14jf12ixxkgmf6lws", "user_agent": "Mozilla/5.0 (Windows NT 10.0; Win64; x64) AppleWebKit/537.36 (KHTML, like Gecko) Chrome/99.0.4844.84 Safari/537.36", "user": 1, "hitcount": 5}}, {"model": "hitcount.hit", "pk": 30, "fields": {"created": "2022-03-31T16:47:55.783Z", "ip": "188.234.1.198", "session": "kuxwxaneso8yaq214lv9bmym0md41jr2", "user_agent": "Mozilla/5.0 (X11; Linux x86_64) AppleWebKit/537.36 (KHTML, like Gecko) Chrome/99.0.4844.74 Safari/537.36", "user": 4, "hitcount": 8}}, {"model": "hitcount.hit", "pk": 31, "fields": {"created": "2022-03-31T16:53:19.007Z", "ip": "188.234.1.198", "session": "kuxwxaneso8yaq214lv9bmym0md41jr2", "user_agent": "Mozilla/5.0 (X11; Linux x86_64) AppleWebKit/537.36 (KHTML, like Gecko) Chrome/99.0.4844.74 Safari/537.36", "user": 4, "hitcount": 16}}, {"model": "hitcount.hit", "pk": 32, "fields": {"created": "2022-03-31T17:52:30.092Z", "ip": "176.116.142.196", "session": "qedpam9jkdek0u50c6zmeumanjdt0o8x", "user_agent": "Mozilla/5.0 (Windows NT 10.0; Win64; x64) AppleWebKit/537.36 (KHTML, like Gecko) Chrome/99.0.4844.84 Safari/537.36", "user": 1, "hitcount": 17}}, {"model": "hitcount.hit", "pk": 33, "fields": {"created": "2022-03-31T17:55:27.826Z", "ip": "176.116.142.196", "session": "9evlrzo52bde1ufjcxoc3jlid1raarhd", "user_agent": "Mozilla/5.0 (Windows NT 10.0; Win64; x64) AppleWebKit/537.36 (KHTML, like Gecko) Chrome/99.0.4844.84 Safari/537.36", "user": 10, "hitcount": 17}}, {"model": "social_django.usersocialauth", "pk": 1, "fields": {"user": 6, "provider": "vk-oauth2", "uid": "1812949", "extra_data": "{\"auth_time\": 1648750806, \"id\": 1812949, \"expires\": 86400, \"access_token\": \"6ab827cceaeca6ad2844fa5b36092654d6f994dc18840711c877b004dd904ed7c9bfcc92070fecf3a5641\", \"token_type\": null}", "created": "2022-03-31T09:22:15.868Z", "modified": "2022-03-31T18:20:06.585Z"}}, {"model": "social_django.usersocialauth", "pk": 2, "fields": {"user": 8, "provider": "vk-oauth2", "uid": "550066789", "extra_data": "{\"auth_time\": 1648726334, \"id\": 550066789, \"expires\": 86399, \"access_token\": \"de1c219c4dd8356f0d1d10b4836b4e84a5829269a258200298d28d40c95caff1c67c794c389911ede2a69\", \"token_type\": null}", "created": "2022-03-31T11:32:14.173Z", "modified": "2022-03-31T11:32:14.181Z"}}, {"model": "social_django.usersocialauth", "pk": 3, "fields": {"user": 9, "provider": "vk-oauth2", "uid": "20222397", "extra_data": "{\"auth_time\": 1648748017, \"id\": 20222397, \"expires\": 86400, \"access_token\": \"324e2905b9d484ad00dbb50120bb6688b9507754037753b2777922ad41aac17f56b520bdd576456de1b4b\", \"token_type\": null}", "created": "2022-03-31T16:24:46.037Z", "modified": "2022-03-31T17:33:37.869Z"}}, {"model": "comments.comment", "pk": 1, "fields": {"text": "Тест", "user": 1, "post": 3, "active": true, "parent": null, "created_at": "2022-03-31T11:25:55.528Z", "modified_at": "2022-03-31T11:25:55.528Z"}}, {"model": "comments.comment", "pk": 2, "fields": {"text": "Ещё бы на русском )", "user": 1, "post": 3, "active": true, "parent": null, "created_at": "2022-03-31T11:26:05.275Z", "modified_at": "2022-03-31T11:26:05.275Z"}}, {"model": "comments.comment", "pk": 3, "fields": {"text": "Ок", "user": 1, "post": 3, "active": true, "parent": 1, "created_at": "2022-03-31T11:27:07.399Z", "modified_at": "2022-03-31T11:27:07.400Z"}}, {"model": "comments.comment", "pk": 4, "fields": {"text": "Раз", "user": 1, "post": 23, "active": true, "parent": null, "created_at": "2022-03-31T17:35:51.537Z", "modified_at": "2022-03-31T17:35:51.538Z"}}, {"model": "comments.comment", "pk": 5, "fields": {"text": "Два", "user": 1, "post": 23, "active": true, "parent": 4, "created_at": "2022-03-31T17:35:57.363Z", "modified_at": "2022-03-31T17:35:57.363Z"}}, {"model": "comments.comment", "pk": 6, "fields": {"text": "Три", "user": 1, "post": 23, "active": true, "parent": 4, "created_at": "2022-03-31T17:36:02.748Z", "modified_at": "2022-03-31T17:36:02.748Z"}}, {"model": "complaints.complaint", "pk": 1, "fields": {"user": 5, "text": "Научное сообщество протестует против этой антицивилизационной пропаганды!", "content_type": 17, "object_id": 9}}, {"model": "complaints.complaint", "pk": 2, "fields": {"user": 5, "text": "Научное сообщество протестует против этой антицивилизационной пропаганды!", "content_type": 17, "object_id": 8}}, {"model": "complaints.complaint", "pk": 3, "fields": {"user": 4, "text": "Протестую! То же мне \"taciti sodales fringilla ultricies\"!", "content_type": 17, "object_id": 9}}, {"model": "complaints.complaint", "pk": 4, "fields": {"user": 10, "text": "непонятно о чём написано", "content_type": 17, "object_id": 23}}, {"model": "complaints.complaint", "pk": 5, "fields": {"user": 10, "text": "!!!!", "content_type": 17, "object_id": 23}}, {"model": "hub.hub", "pk": 1, "fields": {"title": "Программирование", "alias": "programming", "sort_order": 0}}, {"model": "hub.hub", "pk": 2, "fields": {"title": "Дизайн", "alias": "design", "sort_order": 0}}, {"model": "hub.hub", "pk": 3, "fields": {"title": "Веб-разработка", "alias": "web-dev", "sort_order": 0}}, {"model": "likes.likedislike", "pk": 2, "fields": {"vote": 1, "user": 6, "content_type": 17, "object_id": 8}}, {"model": "likes.likedislike", "pk": 3, "fields": {"vote": 1, "user": 7, "content_type": 17, "object_id": 9}}, {"model": "likes.likedislike", "pk": 4, "fields": {"vote": 1, "user": 1, "content_type": 17, "object_id": 3}}, {"model": "moderation.moderation", "pk": 1, "fields": {"moderator": 1, "date": "2022-03-30T16:53:00.097Z", "decision": "APPROVE", "comment": "", "content_type": 17, "object_id": 2}}, {"model": "moderation.moderation", "pk": 2, "fields": {"moderator": 1, "date": "2022-03-30T16:53:00.792Z", "decision": "APPROVE", "comment": "", "content_type": 17, "object_id": 3}}, {"model": "moderation.moderation", "pk": 3, "fields": {"moderator": 1, "date": "2022-03-30T16:53:01.400Z", "decision": "APPROVE", "comment": "", "content_type": 17, "object_id": 4}}, {"model": "moderation.moderation", "pk": 4, "fields": {"moderator": 1, "date": "2022-03-30T16:53:01.935Z", "decision": "APPROVE", "comment": "", "content_type": 17, "object_id": 5}}, {"model": "moderation.moderation", "pk": 5, "fields": {"moderator": 1, "date": "2022-03-30T16:53:02.576Z", "decision": "APPROVE", "comment": "", "content_type": 17, "object_id": 7}}, {"model": "moderation.moderation", "pk": 6, "fields": {"moderator": 1, "date": "2022-03-30T16:53:03.135Z", "decision": "APPROVE", "comment": "", "content_type": 17, "object_id": 8}}, {"model": "moderation.moderation", "pk": 7, "fields": {"moderator": 1, "date": "2022-03-30T16:53:03.963Z", "decision": "APPROVE", "comment": "", "content_type": 17, "object_id": 9}}, {"model": "moderation.moderation", "pk": 8, "fields": {"moderator": 1, "date": "2022-03-31T10:33:00.991Z", "decision": "DECLINE", "comment": "", "content_type": 17, "object_id": 20}}, {"model": "moderation.moderation", "pk": 9, "fields": {"moderator": 1, "date": "2022-03-31T10:33:17.286Z", "decision": "DECLINE", "comment": "", "content_type": 17, "object_id": 18}}, {"model": "moderation.moderation", "pk": 10, "fields": {"moderator": 1, "date": "2022-03-31T13:26:33.249Z", "decision": "APPROVE", "comment": "", "content_type": 17, "object_id": 21}}, {"model": "moderation.moderation", "pk": 11, "fields": {"moderator": 1, "date": "2022-03-31T13:27:00.097Z", "decision": "DECLINE", "comment": "", "content_type": 17, "object_id": 19}}, {"model": "moderation.moderation", "pk": 12, "fields": {"moderator": 1, "date": "2022-03-31T13:27:48.970Z", "decision": "APPROVE", "comment": "", "content_type": 17, "object_id": 11}}, {"model": "moderation.moderation", "pk": 13, "fields": {"moderator": 1, "date": "2022-03-31T17:55:06.117Z", "decision": "DECLINE", "comment": "", "content_type": 17, "object_id": 24}}, {"model": "notifications.notification", "pk": 2, "fields": {"content_type": 17, "object_id": 2, "status": "READ", "user": 2, "target_user": null}}, {"model": "notifications.notification", "pk": 3, "fields": {"content_type": 17, "object_id": 3, "status": "READ", "user": 4, "target_user": null}}, {"model": "notifications.notification", "pk": 4, "fields": {"content_type": 17, "object_id": 4, "status": "READ", "user": 5, "target_user": null}}, {"model": "notifications.notification", "pk": 5, "fields": {"content_type": 17, "object_id": 5, "status": "READ", "user": 4, "target_user": null}}, {"model": "notifications.notification", "pk": 6, "fields": {"content_type": 17, "object_id": 7, "status": "READ", "user": 5, "target_user": null}}, {"model": "notifications.notification", "pk": 7, "fields": {"content_type": 17, "object_id": 8, "status": "READ", "user": 4, "target_user": null}}, {"model": "notifications.notification", "pk": 8, "fields": {"content_type": 17, "object_id": 9, "status": "READ", "user": 2, "target_user": null}}, {"model": "notifications.notification", "pk": 9, "fields": {"content_type": 13, "object_id": 1, "status": "UNREAD", "user": 1, "target_user": 2}}, {"model": "notifications.notification", "pk": 10, "fields": {"content_type": 13, "object_id": 2, "status": "READ", "user": 1, "target_user": 4}}, {"model": "notifications.notification", "pk": 11, "fields": {"content_type": 13, "object_id": 3, "status": "READ", "user": 1, "target_user": 5}}, {"model": "notifications.notification", "pk": 12, "fields": {"content_type": 13, "object_id": 4, "status": "READ", "user": 1, "target_user": 4}}, {"model": "notifications.notification", "pk": 13, "fields": {"content_type": 13, "object_id": 5, "status": "READ", "user": 1, "target_user": 5}}, {"model": "notifications.notification", "pk": 14, "fields": {"content_type": 13, "object_id": 6, "status": "READ", "user": 1, "target_user": 4}}, {"model": "notifications.notification", "pk": 15, "fields": {"content_type": 13, "object_id": 7, "status": "UNREAD", "user": 1, "target_user": 2}}, {"model": "notifications.notification", "pk": 16, "fields": {"content_type": 17, "object_id": 11, "status": "READ", "user": 2, "target_user": null}}, {"model": "notifications.notification", "pk": 17, "fields": {"content_type": 17, "object_id": 12, "status": "READ", "user": 2, "target_user": null}}, {"model": "notifications.notification", "pk": 18, "fields": {"content_type": 17, "object_id": 18, "status": "READ", "user": 4, "target_user": null}}, {"model": "notifications.notification", "pk": 19, "fields": {"content_type": 17, "object_id": 19, "status": "READ", "user": 3, "target_user": null}}, {"model": "notifications.notification", "pk": 20, "fields": {"content_type": 17, "object_id": 20, "status": "READ", "user": 6, "target_user": null}}, {"model": "notifications.notification", "pk": 22, "fields": {"content_type": 12, "object_id": 2, "status": "READ", "user": 6, "target_user": 4}}, {"model": "notifications.notification", "pk": 23, "fields": {"content_type": 12, "object_id": 3, "status": "READ", "user": 7, "target_user": 2}}, {"model": "notifications.notification", "pk": 24, "fields": {"content_type": 13, "object_id": 8, "status": "READ", "user": 1, "target_user": 6}}, {"model": "notifications.notification", "pk": 25, "fields": {"content_type": 13, "object_id": 9, "status": "READ", "user": 1, "target_user": 4}}, {"model": "notifications.notification", "pk": 26, "fields": {"content_type": 12, "object_id": 4, "status": "READ", "user": 1, "target_user": 4}}, {"model": "notifications.notification", "pk": 27, "fields": {"content_type": 10, "object_id": 1, "status": "UNREAD", "user": 1, "target_user": 4}}, {"model": "notifications.notification", "pk": 28, "fields": {"content_type": 10, "object_id": 2, "status": "READ", "user": 1, "target_user": 4}}, {"model": "notifications.notification", "pk": 29, "fields": {"content_type": 10, "object_id": 3, "status": "READ", "user": 1, "target_user": 1}}, {"model": "notifications.notification", "pk": 30, "fields": {"content_type": 17, "object_id": 21, "status": "READ", "user": 8, "target_user": null}}, {"model": "notifications.notification", "pk": 31, "fields": {"content_type": 13, "object_id": 10, "status": "UNREAD", "user": 1, "target_user": 8}}, {"model": "notifications.notification", "pk": 32, "fields": {"content_type": 13, "object_id": 11, "status": "UNREAD", "user": 1, "target_user": 3}}, {"model": "notifications.notification", "pk": 33, "fields": {"content_type": 13, "object_id": 12, "status": "READ", "user": 1, "target_user": 2}}, {"model": "notifications.notification", "pk": 34, "fields": {"content_type": 24, "object_id": 1, "status": "UNREAD", "user": 5, "target_user": 2}}, {"model": "notifications.notification", "pk": 35, "fields": {"content_type": 24, "object_id": 2, "status": "READ", "user": 5, "target_user": 4}}, {"model": "notifications.notification", "pk": 36, "fields": {"content_type": 24, "object_id": 3, "status": "UNREAD", "user": 4, "target_user": 2}}, {"model": "notifications.notification", "pk": 37, "fields": {"content_type": 24, "object_id": 4, "status": "READ", "user": 10, "target_user": 1}}, {"model": "notifications.notification", "pk": 38, "fields": {"content_type": 24, "object_id": 5, "status": "UNREAD", "user": 10, "target_user": 1}}, {"model": "notifications.notification", "pk": 39, "fields": {"content_type": 17, "object_id": 24, "status": "READ", "user": 10, "target_user": null}}, {"model": "notifications.notification", "pk": 40, "fields": {"content_type": 13, "object_id": 13, "status": "UNREAD", "user": 1, "target_user": 10}}, {"model": "posts.post", "pk": 2, "fields": {"title": "Lorem ipsum dolor", "slug": "lorem-ipsum-dolor2", "text": "<p>Lorem ipsum dolor sit amet, consectetur adipiscing elit. Nunc at sagittis ipsum, at semper dui. Nunc ac quam tellus. Nulla pretium massa in sem pulvinar, vitae ultricies nisi aliquam. In quis viverra elit. Aenean viverra convallis feugiat. Etiam imperdiet, massa et sollicitudin placerat, magna libero dapibus dolor, non dictum turpis ex ut lectus. Phasellus at fringilla neque. Donec quis pretium turpis. Fusce pulvinar eget elit ac condimentum. Duis sit amet feugiat libero. Mauris suscipit enim id lorem semper, eget pulvinar augue dictum. Praesent feugiat efficitur commodo. Nulla vel facilisis tortor. Aliquam finibus mauris quis libero pulvinar, a laoreet mi placerat. Quisque a risus malesuada, eleifend purus ac, auctor purus.</p>\r\n<p>Vivamus vel lorem in ante lacinia tincidunt at eget arcu. In eu turpis odio. Maecenas ullamcorper quam sit amet nisl tempor, vel rhoncus libero tristique. Maecenas lacinia consectetur diam, quis hendrerit est dignissim sit amet. Duis a purus turpis. Praesent a quam diam. Integer tempor nisi metus, sed congue leo aliquet vel. Pellentesque consectetur vel dolor sit amet pretium. Sed dictum consequat urna, id ultrices nibh blandit eget.</p>\r\n<p>Nulla sit amet orci iaculis, porta felis sit amet, mattis ante. Fusce varius tincidunt quam eu commodo. Phasellus porta ornare arcu vitae venenatis. Class aptent taciti sociosqu ad litora torquent per conubia nostra, per inceptos himenaeos. Nulla suscipit, ligula in ultrices imperdiet, felis arcu ultricies turpis, in maximus nunc elit sit amet leo. Nulla eu pulvinar ante. Praesent condimentum velit porttitor euismod vestibulum.</p>\r\n<p>Vivamus vitae ornare orci, at tempus nisi. Phasellus libero magna, mollis vel ullamcorper in, egestas eget dui. Ut id risus rhoncus, luctus massa vel, tristique sem. Nam urna quam, blandit et magna ut, efficitur sollicitudin eros. Vivamus aliquet tellus tellus, in imperdiet risus convallis in. Pellentesque nec ex risus. Phasellus eleifend tincidunt nibh, vitae bibendum libero luctus vitae. Mauris blandit mattis arcu quis pellentesque. Donec ipsum nunc, vulputate ut faucibus at, consequat bibendum magna. Aenean iaculis elit lorem, quis dignissim mi placerat vitae. Nulla facilisi. Duis sagittis eget eros a efficitur.</p>\r\n<p>Proin id tempus nisl. Etiam vel massa lorem. Etiam finibus nisi sed risus auctor, elementum tristique nulla efficitur. Duis eu ligula porttitor, auctor libero a, pulvinar lectus. Phasellus tincidunt hendrerit sapien, eu mattis lacus efficitur eu. Suspendisse et imperdiet orci. Donec sagittis justo et nibh fringilla condimentum.</p>", "brief_text": "<p>Lorem ipsum dolor sit amet, consectetur adipiscing elit. Nunc at sagittis ipsum, at semper dui. Nunc ac quam tellus. Nulla pretium massa in sem pulvinar, vitae ultricies nisi aliquam. In quis viverra elit. Aenean viverra convallis feugiat. Etiam imperdiet, massa et sollicitudin placerat, magna libero dapibus dolor, non dictum turpis ex ut lectus. Phasellus at fringilla neque. Donec quis pretium turpis. Fusce pulvinar eget elit ac condimentum. Duis sit amet feugiat libero. Mauris suscipit enim id lorem semper, eget pulvinar augue dictum. Praesent feugiat efficitur commodo. Nulla vel facilisis tortor. Aliquam finibus mauris quis libero pulvinar, a laoreet mi placerat. Quisque a risus malesuada, eleifend purus ac, auctor purus.</p>", "user": 2, "hub": 2, "image": "", "created_at": "2022-03-30T14:15:20.798Z", "modified_at": "2022-03-30T16:53:00.087Z", "status": "ACTIVE"}}, {"model": "posts.post", "pk": 3, "fields": {"title": "Far far away", "slug": "far-far-away3", "text": "<p>Far far away, behind the word mountains, far from the countries Vokalia and Consonantia, there live the blind texts. Separated they live in Bookmarksgrove right at the coast of the Semantics, a large language ocean. A small river named Duden flows by their place and supplies it with the necessary regelialia. It is a paradisematic country, in which roasted parts of sentences fly into your mouth.</p>\r\n<p>Even the all-powerful Pointing has no control about the blind texts it is an almost unorthographic life One day however a small line of blind text by the name of Lorem Ipsum decided to leave for the far World of Grammar. The Big Oxmox advised her not to do so, because there were thousands of bad Commas, wild Question Marks and devious Semikoli, but the Little Blind Text didn&rsquo;t listen.</p>\r\n<p>She packed her seven versalia, put her initial into the belt and made herself on the way. When she reached the first hills of the Italic Mountains, she had a last view back on the skyline of her hometown Bookmarksgrove, the headline of Alphabet Village and the subline of her own road, the Line Lane. Pityful a rethoric question ran over her cheek, then she continued her way.</p>\r\n<p>On her way she met a copy. The copy warned the Little Blind Text, that where it came from it would have been rewritten a thousand times and everything that was left from its origin would be the word \"and\" and the Little Blind Text should turn around and return to its own, safe country. But nothing the copy said could convince her and so it didn&rsquo;t take long until a few insidious Copy Writers ambushed her, made her drunk with Longe and Parole and dragged her into their agency, where they abused her for their projects again and again.</p>\r\n<p>And if she hasn&rsquo;t been rewritten, then they are still using her. Far far away, behind the word mountains, far from the countries Vokalia and Consonantia, there live the blind texts. Separated they live in Bookmarksgrove right at the coast of the Semantics, a large language ocean. A small river named Duden flows by their place and supplies it with the necessary regelialia. It is a paradisematic country, in which roasted parts of sentences fly into your mouth. Even the all-powerful Pointing has no control about the blind texts it is an almost unorthographic life One</p>", "brief_text": "<p>Far far away, behind the word mountains, far from the countries Vokalia and Consonantia, there live the blind texts.&nbsp;</p>", "user": 4, "hub": 2, "image": "", "created_at": "2022-03-30T16:16:31.048Z", "modified_at": "2022-03-30T16:53:00.785Z", "status": "ACTIVE"}}, {"model": "posts.post", "pk": 4, "fields": {"title": "The European languages", "slug": "the-european-languages4", "text": "<p>The European languages are members of the same family. Their separate existence is a myth. For science, music, sport, etc, Europe uses the same vocabulary. The languages only differ in their grammar, their pronunciation and their most common words. Everyone realizes why a new common language would be desirable: one could refuse to pay expensive translators.</p>\r\n<p>To achieve this, it would be necessary to have uniform grammar, pronunciation and more common words. If several languages coalesce, the grammar of the resulting language is more simple and regular than that of the individual languages. The new common language will be more simple and regular than the existing European languages. It will be as simple as Occidental; in fact, it will be Occidental.</p>\r\n<p>To an English person, it will seem like simplified English, as a skeptical Cambridge friend of mine told me what Occidental is. The European languages are members of the same family. Their separate existence is a myth. For science, music, sport, etc, Europe uses the same vocabulary. The languages only differ in their grammar, their pronunciation and their most common words. Everyone realizes why a new common language would be desirable: one could refuse to pay expensive translators.</p>\r\n<p>To achieve this, it would be necessary to have uniform grammar, pronunciation and more common words. If several languages coalesce, the grammar of the resulting language is more simple and regular than that of the individual languages. The new common language will be more simple and regular than the existing European languages. It will be as simple as Occidental; in fact, it will be Occidental.</p>\r\n<p>To an English person, it will seem like simplified English, as a skeptical Cambridge friend of mine told me what Occidental is. The European languages are members of the same family. Their separate existence is a myth. For science, music, sport, etc, Europe uses the same vocabulary. The languages only differ in their grammar, their pronunciation and their most common words. Everyone realizes why a new common language would be desirable: one could refuse to pay expensive translators. To achieve this, it would be necessary to have uniform grammar, pronunciation and more common words. If several languages coalesce, the grammar of the resulting language is more simple and regular than that of the individual languages. The new common language will be more simple and regular than the existing European languages. It will be as simple as</p>", "brief_text": "<p>The European languages are members of the same family. Their separate existence is a myth. For science, music, sport, etc, Europe uses the same vocabulary. The languages only differ in their grammar, their pronunciation and their most common words. Everyone realizes why a new common language would be desirable: one could refuse to pay expensive translators.</p>", "user": 5, "hub": 3, "image": "", "created_at": "2022-03-30T16:27:07.901Z", "modified_at": "2022-03-30T16:53:01.391Z", "status": "ACTIVE"}}, {"model": "posts.post", "pk": 5, "fields": {"title": "Vermin", "slug": "vermin5", "text": "<p>One morning, when Gregor Samsa woke from troubled dreams, he found himself transformed in his bed into a horrible vermin. He lay on his armour-like back, and if he lifted his head a little he could see his brown belly, slightly domed and divided by arches into stiff sections. The bedding was hardly able to cover it and seemed ready to slide off any moment. His many legs, pitifully thin compared with the size of the rest of him, waved about helplessly as he looked. \"What's happened to me? \" he thought. It wasn't a dream.</p>\r\n<p>His room, a proper human room although a little too small, lay peacefully between its four familiar walls. A collection of textile samples lay spread out on the table - Samsa was a travelling salesman - and above it there hung a picture that he had recently cut out of an illustrated magazine and housed in a nice, gilded frame. It showed a lady fitted out with a fur hat and fur boa who sat upright, raising a heavy fur muff that covered the whole of her lower arm towards the viewer. Gregor then turned to look out the window at the dull weather.</p>\r\n<p>Drops of rain could be heard hitting the pane, which made him feel quite sad. \"How about if I sleep a little bit longer and forget all this nonsense\", he thought, but that was something he was unable to do because he was used to sleeping on his right, and in his present state couldn't get into that position. However hard he threw himself onto his right, he always rolled back to where he was.</p>\r\n<p>He must have tried it a hundred times, shut his eyes so that he wouldn't have to look at the floundering legs, and only stopped when he began to feel a mild, dull pain there that he had never felt before. \"Oh, God\", he thought, \"what a strenuous career it is that I've chosen! Travelling day in and day out. Doing business like this takes much more effort than doing your own business at home, and on top of that there's the curse of travelling, worries about making train connections, bad and irregular food, contact with different people all the time so that you can never get to know anyone or become friendly with them. It can all go to Hell!</p>\r\n<p>\" He felt a slight itch up on his belly; pushed himself slowly up on his back towards the headboard so that he could lift his head better; found where the itch was, and saw that it was covered with lots of little white spots which he didn't know what to make of; and when he tried to feel the place with one of his legs he drew it quickly back because as soon as he touched it he was overcome by a cold shudder. He slid back into his former position. \"Getting up early all the time\", he thought, \"it makes you stupid. You've got to get enough sleep. Other travelling salesmen live a life of luxury. For instance, whenever I go back to the guest house during the morning to copy out the contract, these gentlemen are always still sitting there eating their breakfasts. I ought to just try that with my boss; I'd get kicked out on the spot. But who knows, maybe that would be the best thing for me.&nbsp;</p>", "brief_text": "<p>One morning, when Gregor Samsa woke from troubled dreams, he found himself transformed in his bed into a horrible vermin...</p>", "user": 4, "hub": 1, "image": "posts/i.jpeg", "created_at": "2022-03-30T16:29:22.507Z", "modified_at": "2022-03-30T16:53:01.926Z", "status": "ACTIVE"}}, {"model": "posts.post", "pk": 6, "fields": {"title": "Temporibus autem quibusdam et aut officiis debitis aut", "slug": "temporibus", "text": "<p>Sed ut perspiciatis unde omnis iste natus error sit voluptatem accusantium doloremque laudantium, totam rem aperiam, eaque ipsa quae ab illo inventore veritatis et quasi architecto beatae vitae dicta sunt explicabo. Nemo enim ipsam voluptatem quia voluptas sit aspernatur aut odit aut fugit, sed quia consequuntur magni dolores eos qui ratione voluptatem sequi nesciunt. Neque porro quisquam est, qui dolorem ipsum quia dolor sit amet, consectetur, adipisci velit, sed quia non numquam eius modi tempora incidunt ut labore et dolore magnam aliquam quaerat voluptatem. Ut enim ad minima veniam, quis nostrum exercitationem ullam corporis suscipit laboriosam, nisi ut aliquid ex ea commodi consequatur?</p>\r\n<p>Quis autem vel eum iure reprehenderit qui in ea voluptate velit esse quam nihil molestiae consequatur, vel illum qui dolorem eum fugiat quo voluptas nulla pariatur? At vero eos et accusamus et iusto odio dignissimos ducimus qui blanditiis praesentium voluptatum deleniti atque corrupti quos dolores et quas molestias excepturi sint occaecati cupiditate non provident, similique sunt in culpa qui officia deserunt mollitia animi, id est laborum et dolorum fuga. Et harum quidem rerum facilis est et expedita distinctio. Nam libero tempore, cum soluta nobis est eligendi optio cumque nihil impedit quo minus id quod maxime placeat facere possimus, omnis voluptas assumenda est, omnis dolor repellendus.</p>\r\n<p>Temporibus autem quibusdam et aut officiis debitis aut rerum necessitatibus saepe eveniet ut et voluptates repudiandae sint et molestiae non recusandae. Itaque earum rerum hic tenetur a sapiente delectus, ut aut reiciendis voluptatibus maiores alias consequatur aut perferendis doloribus asperiores repellat. Sed ut perspiciatis unde omnis iste natus error sit voluptatem accusantium doloremque laudantium, totam rem aperiam, eaque ipsa quae ab illo inventore veritatis et quasi architecto beatae vitae dicta sunt explicabo. Nemo enim ipsam voluptatem quia voluptas sit aspernatur aut odit aut fugit, sed quia consequuntur magni dolores eos qui ratione voluptatem sequi nesciunt.</p>\r\n<p>Neque porro quisquam est, qui dolorem ipsum quia dolor sit amet, consectetur, adipisci velit, sed quia non numquam eius modi tempora incidunt ut labore et dolore magnam aliquam quaerat voluptatem. Ut enim ad minima veniam, quis nostrum exercitationem ullam corporis suscipit laboriosam, nisi ut aliquid ex ea commodi consequatur? Quis autem vel eum iure reprehenderit qui in ea voluptate velit esse quam nihil molestiae consequatur, vel illum qui dolorem eum fugiat quo voluptas nulla pariatur? At vero eos et accusamus et iusto odio dignissimos ducimus qui blanditiis praesentium voluptatum deleniti atque corrupti quos dolores et quas molestias excepturi sint occaecati cupiditate non provident, similique sunt in culpa qui officia deserunt mollitia animi, id est laborum et dolorum fuga.</p>", "brief_text": "<p>Temporibus autem quibusdam et aut officiis debitis aut rerum necessitatibus saepe eveniet ut et voluptates repudiandae sint et molestiae non recusandae. Itaque earum rerum hic tenetur a sapiente delectus, ut aut reiciendis voluptatibus maiores alias consequatur aut perferendis doloribus asperiores repellat. Sed ut perspiciatis unde omnis iste natus error sit voluptatem accusantium doloremque laudantium, totam rem aperiam, eaque ipsa quae ab illo inventore veritatis et quasi architecto beatae vitae dicta sunt explicabo. Nemo enim ipsam voluptatem quia voluptas sit aspernatur aut odit aut fugit, sed quia consequuntur magni dolores eos qui ratione voluptatem sequi nesciunt.</p>", "user": 4, "hub": 1, "image": "posts/i_1.jpeg", "created_at": "2022-03-30T16:32:15.505Z", "modified_at": "2022-03-30T16:45:36.628Z", "status": "ACTIVE"}}, {"model": "posts.post", "pk": 7, "fields": {"title": "Temporibus autem quibusdam", "slug": "temporibus-autem-quibusdam7", "text": "<p>Sed ut perspiciatis unde omnis iste natus error sit voluptatem accusantium doloremque laudantium, totam rem aperiam, eaque ipsa quae ab illo inventore veritatis et quasi architecto beatae vitae dicta sunt explicabo. Nemo enim ipsam voluptatem quia voluptas sit aspernatur aut odit aut fugit, sed quia consequuntur magni dolores eos qui ratione voluptatem sequi nesciunt. Neque porro quisquam est, qui dolorem ipsum quia dolor sit amet, consectetur, adipisci velit, sed quia non numquam eius modi tempora incidunt ut labore et dolore magnam aliquam quaerat voluptatem. Ut enim ad minima veniam, quis nostrum exercitationem ullam corporis suscipit laboriosam, nisi ut aliquid ex ea commodi consequatur?</p>\r\n<p>Quis autem vel eum iure reprehenderit qui in ea voluptate velit esse quam nihil molestiae consequatur, vel illum qui dolorem eum fugiat quo voluptas nulla pariatur? At vero eos et accusamus et iusto odio dignissimos ducimus qui blanditiis praesentium voluptatum deleniti atque corrupti quos dolores et quas molestias excepturi sint occaecati cupiditate non provident, similique sunt in culpa qui officia deserunt mollitia animi, id est laborum et dolorum fuga. Et harum quidem rerum facilis est et expedita distinctio. Nam libero tempore, cum soluta nobis est eligendi optio cumque nihil impedit quo minus id quod maxime placeat facere possimus, omnis voluptas assumenda est, omnis dolor repellendus.</p>\r\n<p>Temporibus autem quibusdam et aut officiis debitis aut rerum necessitatibus saepe eveniet ut et voluptates repudiandae sint et molestiae non recusandae. Itaque earum rerum hic tenetur a sapiente delectus, ut aut reiciendis voluptatibus maiores alias consequatur aut perferendis doloribus asperiores repellat. Sed ut perspiciatis unde omnis iste natus error sit voluptatem accusantium doloremque laudantium, totam rem aperiam, eaque ipsa quae ab illo inventore veritatis et quasi architecto beatae vitae dicta sunt explicabo. Nemo enim ipsam voluptatem quia voluptas sit aspernatur aut odit aut fugit, sed quia consequuntur magni dolores eos qui ratione voluptatem sequi nesciunt.</p>\r\n<p>Neque porro quisquam est, qui dolorem ipsum quia dolor sit amet, consectetur, adipisci velit, sed quia non numquam eius modi tempora incidunt ut labore et dolore magnam aliquam quaerat voluptatem. Ut enim ad minima veniam, quis nostrum exercitationem ullam corporis suscipit laboriosam, nisi ut aliquid ex ea commodi consequatur? Quis autem vel eum iure reprehenderit qui in ea voluptate velit esse quam nihil molestiae consequatur, vel illum qui dolorem eum fugiat quo voluptas nulla pariatur? At vero eos et accusamus et iusto odio dignissimos ducimus qui blanditiis praesentium voluptatum deleniti atque corrupti quos dolores et quas molestias excepturi sint occaecati cupiditate non provident, similique sunt in culpa qui officia deserunt mollitia animi, id est laborum et dolorum fuga.</p>", "brief_text": "<p>Temporibus autem quibusdam et aut officiis debitis aut rerum necessitatibus saepe eveniet ut et voluptates repudiandae sint et molestiae non recusandae. Itaque earum rerum hic tenetur a sapiente delectus, ut aut reiciendis voluptatibus maiores alias consequatur aut perferendis doloribus asperiores repellat. Sed ut perspiciatis unde omnis iste natus error sit voluptatem accusantium doloremque laudantium, totam rem aperiam, eaque ipsa quae ab illo inventore veritatis et quasi architecto beatae vitae dicta sunt explicabo. Nemo enim ipsam voluptatem quia voluptas sit aspernatur aut odit aut fugit, sed quia consequuntur magni dolores eos qui ratione voluptatem sequi nesciunt.</p>", "user": 5, "hub": 1, "image": "posts/i_1_Q5BVMiL.jpeg", "created_at": "2022-03-30T16:32:38.912Z", "modified_at": "2022-03-30T16:53:02.566Z", "status": "ACTIVE"}}, {"model": "posts.post", "pk": 8, "fields": {"title": "Hac feugiat magnis netus venenatis", "slug": "hac-feugiat-magnis-netus-venenatis8", "text": "<p>Faucibus auctor metus mus turpis sociis, ut potenti metus vel consequat sodales tristique consectetuer augue. Malesuada sapien dolor sed condimentum phasellus mauris commodo conubia conubia. Vivamus fringilla nulla congue pretium. Gravida enim, auctor. Natoque risus conubia. Nunc risus semper inceptos primis turpis.</p>\r\n<p>Ante auctor turpis, sem erat platea quam augue. Nec ligula. Lacus convallis libero consequat convallis mauris neque Auctor id suspendisse viverra nam laoreet morbi, praesent proin curabitur semper ante nec. Rutrum. Parturient sed vestibulum. Volutpat, dignissim enim nisi lobortis commodo interdum turpis, ac nisl venenatis porttitor ut lectus. Dapibus etiam condimentum libero tortor. Quis ultrices, ipsum phasellus purus metus laoreet lorem condimentum habitasse. Sociis duis vel torquent magna luctus varius vehicula accumsan senectus sapien natoque nisi ridiculus nostra interdum habitasse conubia maecenas convallis.</p>\r\n<p>Cum mus taciti per bibendum senectus mi rhoncus sodales tristique ipsum convallis lorem purus ultricies natoque lacus, donec vulputate. Ante neque montes tempor bibendum integer ad proin amet tempus viverra nunc lectus ornare aptent duis neque proin imperdiet ligula. Erat phasellus.</p>\r\n<p>Id nascetur tempor class ullamcorper hymenaeos dolor dui elementum ornare id ornare eros massa nisi nascetur primis ut sem litora litora Dictum laoreet magna sit. Porttitor tempus eu placerat ipsum rhoncus facilisi. Varius. Vel duis commodo parturient, lobortis interdum purus porttitor.</p>\r\n<p>Phasellus nisi adipiscing sodales congue. Proin. Odio. Habitasse erat hendrerit magnis neque felis Venenatis felis habitant elementum luctus, vitae pharetra, natoque laoreet nibh, metus penatibus duis mattis etiam tempus ante quis. Sociis eleifend nulla venenatis, molestie vehicula odio amet hendrerit. Molestie proin penatibus. Porttitor cras. Feugiat varius. Sem. Sed. Arcu sociis nascetur netus magna. Congue nibh.</p>\r\n<p>Urna Ad leo donec, morbi eu pharetra, pharetra arcu sociis phasellus nisl phasellus curae;, magna blandit mattis lacinia magna tempus. A facilisis cubilia venenatis rhoncus donec aenean lobortis dictumst. Risus magna metus magnis hac posuere venenatis duis volutpat ipsum massa laoreet tortor habitasse dignissim mauris inceptos elementum. Nullam phasellus parturient molestie. Gravida. Donec tortor. Dictum. Tristique libero purus bibendum et. Habitant augue quis nulla diam neque ullamcorper aenean interdum nibh.</p>\r\n<p>Suscipit blandit sed Dui volutpat tristique sit pretium amet aptent libero fringilla et mauris mus vivamus a litora nec sociis imperdiet, mauris. Luctus facilisi vitae tincidunt morbi placerat auctor. Luctus blandit pretium quam hac nulla malesuada. Nascetur ipsum accumsan adipiscing tincidunt auctor habitant.</p>\r\n<p>Inceptos non. Imperdiet feugiat montes rhoncus non fusce lobortis feugiat malesuada non habitasse quam non dignissim. Ligula quisque potenti, libero pharetra. Varius porttitor quis consectetuer pulvinar dolor malesuada mi netus nascetur Ipsum. Quisque vivamus. Tristique taciti sodales fringilla ultricies bibendum Aliquet etiam aliquam libero fusce. Vulputate eget lacus metus lacinia. Pretium tristique fames, nunc imperdiet nunc dignissim fusce.</p>\r\n<p>Senectus etiam pede sapien aenean laoreet tellus tristique sociis, sociis. Potenti. Sagittis neque gravida per consequat fringilla consectetuer et tristique vivamus aptent. Vivamus quisque placerat sed natoque rutrum consequat volutpat faucibus venenatis justo faucibus fermentum facilisis feugiat sapien. Vitae interdum eros consequat. Hac feugiat magnis netus venenatis suspendisse urna dignissim sit, pharetra potenti nibh, eleifend nam integer. Ridiculus vulputate ante magnis elementum leo nostra diam rhoncus.</p>", "brief_text": "<p>Senectus etiam pede sapien aenean laoreet tellus tristique sociis, sociis. Potenti. Sagittis neque gravida per consequat fringilla consectetuer et tristique vivamus aptent. Vivamus quisque placerat sed natoque rutrum consequat volutpat faucibus venenatis justo faucibus fermentum facilisis feugiat sapien. Vitae interdum eros consequat. Hac feugiat magnis netus venenatis suspendisse urna dignissim sit, pharetra potenti nibh, eleifend nam integer. Ridiculus vulputate ante magnis elementum leo nostra diam rhoncus.</p>", "user": 4, "hub": 1, "image": "posts/i_2.jpeg", "created_at": "2022-03-30T16:48:28.857Z", "modified_at": "2022-03-30T16:53:03.126Z", "status": "ACTIVE"}}, {"model": "posts.post", "pk": 9, "fields": {"title": "Senectus etiam pede sapien aenean", "slug": "senectus-etiam-pede-sapien-aenean9", "text": "<p>Faucibus auctor metus mus turpis sociis, ut potenti metus vel consequat sodales tristique consectetuer augue. Malesuada sapien dolor sed condimentum phasellus mauris commodo conubia conubia. Vivamus fringilla nulla congue pretium. Gravida enim, auctor. Natoque risus conubia. Nunc risus semper inceptos primis turpis.</p>\r\n<p>Ante auctor turpis, sem erat platea quam augue. Nec ligula. Lacus convallis libero consequat convallis mauris neque Auctor id suspendisse viverra nam laoreet morbi, praesent proin curabitur semper ante nec. Rutrum. Parturient sed vestibulum. Volutpat, dignissim enim nisi lobortis commodo interdum turpis, ac nisl venenatis porttitor ut lectus. Dapibus etiam condimentum libero tortor. Quis ultrices, ipsum phasellus purus metus laoreet lorem condimentum habitasse. Sociis duis vel torquent magna luctus varius vehicula accumsan senectus sapien natoque nisi ridiculus nostra interdum habitasse conubia maecenas convallis.</p>\r\n<p>Cum mus taciti per bibendum senectus mi rhoncus sodales tristique ipsum convallis lorem purus ultricies natoque lacus, donec vulputate. Ante neque montes tempor bibendum integer ad proin amet tempus viverra nunc lectus ornare aptent duis neque proin imperdiet ligula. Erat phasellus.</p>\r\n<p>Id nascetur tempor class ullamcorper hymenaeos dolor dui elementum ornare id ornare eros massa nisi nascetur primis ut sem litora litora Dictum laoreet magna sit. Porttitor tempus eu placerat ipsum rhoncus facilisi. Varius. Vel duis commodo parturient, lobortis interdum purus porttitor.</p>\r\n<p>Phasellus nisi adipiscing sodales congue. Proin. Odio. Habitasse erat hendrerit magnis neque felis Venenatis felis habitant elementum luctus, vitae pharetra, natoque laoreet nibh, metus penatibus duis mattis etiam tempus ante quis. Sociis eleifend nulla venenatis, molestie vehicula odio amet hendrerit. Molestie proin penatibus. Porttitor cras. Feugiat varius. Sem. Sed. Arcu sociis nascetur netus magna. Congue nibh.</p>\r\n<p>Urna Ad leo donec, morbi eu pharetra, pharetra arcu sociis phasellus nisl phasellus curae;, magna blandit mattis lacinia magna tempus. A facilisis cubilia venenatis rhoncus donec aenean lobortis dictumst. Risus magna metus magnis hac posuere venenatis duis volutpat ipsum massa laoreet tortor habitasse dignissim mauris inceptos elementum. Nullam phasellus parturient molestie. Gravida. Donec tortor. Dictum. Tristique libero purus bibendum et. Habitant augue quis nulla diam neque ullamcorper aenean interdum nibh.</p>\r\n<p>Suscipit blandit sed Dui volutpat tristique sit pretium amet aptent libero fringilla et mauris mus vivamus a litora nec sociis imperdiet, mauris. Luctus facilisi vitae tincidunt morbi placerat auctor. Luctus blandit pretium quam hac nulla malesuada. Nascetur ipsum accumsan adipiscing tincidunt auctor habitant.</p>\r\n<p>Inceptos non. Imperdiet feugiat montes rhoncus non fusce lobortis feugiat malesuada non habitasse quam non dignissim. Ligula quisque potenti, libero pharetra. Varius porttitor quis consectetuer pulvinar dolor malesuada mi netus nascetur Ipsum. Quisque vivamus. Tristique taciti sodales fringilla ultricies bibendum Aliquet etiam aliquam libero fusce. Vulputate eget lacus metus lacinia. Pretium tristique fames, nunc imperdiet nunc dignissim fusce.</p>\r\n<p>Senectus etiam pede sapien aenean laoreet tellus tristique sociis, sociis. Potenti. Sagittis neque gravida per consequat fringilla consectetuer et tristique vivamus aptent. Vivamus quisque placerat sed natoque rutrum consequat volutpat faucibus venenatis justo faucibus fermentum facilisis feugiat sapien. Vitae interdum eros consequat. Hac feugiat magnis netus venenatis suspendisse urna dignissim sit, pharetra potenti nibh, eleifend nam integer. Ridiculus vulputate ante magnis elementum leo nostra diam rhoncus.</p>", "brief_text": "<p>Senectus etiam pede sapien aenean laoreet tellus tristique sociis, sociis. Potenti. Sagittis neque gravida per consequat fringilla consectetuer et tristique vivamus aptent. Vivamus quisque placerat sed natoque rutrum consequat volutpat faucibus venenatis justo faucibus fermentum facilisis feugiat sapien. Vitae interdum eros consequat. Hac feugiat magnis netus venenatis suspendisse urna dignissim sit, pharetra potenti nibh, eleifend nam integer. Ridiculus vulputate ante magnis elementum leo nostra diam rhoncus.</p>", "user": 2, "hub": 1, "image": "", "created_at": "2022-03-30T16:52:11.689Z", "modified_at": "2022-03-30T16:53:03.952Z", "status": "ACTIVE"}}, {"model": "posts.post", "pk": 10, "fields": {"title": "Проверка", "slug": "proverka", "text": "<p>Тест</p>", "brief_text": "<p>Тест</p>", "user": 3, "hub": 3, "image": "", "created_at": "2022-03-31T09:22:52.240Z", "modified_at": "2022-03-31T09:49:33.833Z", "status": "ON MODERATION"}}, {"model": "posts.post", "pk": 12, "fields": {"title": "Проверка", "slug": "proverka12", "text": "<p>Тест</p>", "brief_text": "<p>Тест</p>", "user": 2, "hub": 3, "image": "", "created_at": "2022-03-31T09:53:02.075Z", "modified_at": "2022-03-31T09:53:02.091Z", "status": "ON MODERATION"}}, {"model": "posts.post", "pk": 18, "fields": {"title": "Проверка", "slug": "proverka18", "text": "<p>Тест</p>", "brief_text": "<p>Тест</p>", "user": 4, "hub": 1, "image": "", "created_at": "2022-03-31T10:12:00.934Z", "modified_at": "2022-03-31T10:33:17.275Z", "status": "DECLINED"}}, {"model": "posts.post", "pk": 19, "fields": {"title": "Тест тест", "slug": "test-test19", "text": "<p>Тест</p>", "brief_text": "<p>Тест</p>", "user": 3, "hub": 2, "image": "", "created_at": "2022-03-31T10:18:17.645Z", "modified_at": "2022-03-31T13:27:00.083Z", "status": "DECLINED"}}, {"model": "posts.post", "pk": 20, "fields": {"title": "Testirovanie", "slug": "testirovanie20", "text": "<p>Test</p>", "brief_text": "<p>Test</p>", "user": 6, "hub": 2, "image": "", "created_at": "2022-03-31T10:19:43.310Z", "modified_at": "2022-03-31T10:33:00.980Z", "status": "DECLINED"}}, {"model": "posts.post", "pk": 23, "fields": {"title": "Donec porta nibh velit, et sodales", "slug": "donec-porta-nibh-velit-et-sodales23", "text": "<p>In pretium et enim ac varius. Donec porta nibh velit, et sodales leo posuere sed. Etiam sit amet rutrum risus. Mauris sed mollis quam, sit amet congue nisi. Integer tristique ex ac malesuada condimentum. Ut diam tortor, condimentum ut dolor eu, pretium pellentesque sem. Curabitur massa odio, tempus ac porta eget, euismod non nunc.</p>\r\n<p>Suspendisse nec mauris vitae nibh scelerisque tempor et et eros. Sed volutpat diam a ipsum sodales pretium. Morbi hendrerit ut ipsum eu consectetur. Ut mattis ex erat, sit amet accumsan massa lobortis eu. Integer sed odio ornare odio rhoncus convallis. Praesent scelerisque quis est in bibendum. Ut in massa dui. Nulla venenatis porttitor feugiat. Aliquam erat volutpat.</p>", "brief_text": "<p>In pretium et enim ac varius. Donec porta nibh velit, et sodales leo posuere sed. Etiam sit amet rutrum risus. Mauris sed mollis quam, sit amet congue nisi. Integer tristique ex ac malesuada condimentum. Ut diam tortor, condimentum ut dolor eu, pretium pellentesque sem. Curabitur massa odio, tempus ac porta eget, euismod non nunc.</p>", "user": 1, "hub": 2, "image": "posts/i_6.jpeg", "created_at": "2022-03-31T16:40:17.955Z", "modified_at": "2022-03-31T16:47:48.567Z", "status": "ACTIVE"}}, {"model": "posts.post", "pk": 24, "fields": {"title": "123", "slug": "12324", "text": "<p>123</p>", "brief_text": "<p>123</p>", "user": 10, "hub": 1, "image": "", "created_at": "2022-03-31T17:51:25.336Z", "modified_at": "2022-03-31T17:55:06.108Z", "status": "DECLINED"}}, {"model": "users.user", "pk": 1, "fields": {"password": "pbkdf2_sha256$320000$zOjctC3E3pfJMTlrbHBE6T$TvokIbiUrAGKvF6+IcLaf0T3DoCD387kyz6Dmp1ARQI=", "last_login": "2022-03-31T17:48:42.962Z", "is_superuser": true, "username": "admin", "email": "admin@example.com", "name": "", "birth_year": null, "bio": "", "avatar": "avatars/no_avatar.png", "date_joined": "2022-03-30T07:17:23.765Z", "is_active": true, "is_staff": true, "is_banned": false, "rating": 5, "groups": [], "user_permissions": []}}, {"model": "users.user", "pk": 2, "fields": {"password": "pbkdf2_sha256$320000$2whxAh0dRxQgMPBpCffOmP$8HEG3rJgZlwXsZRh+35yRaYt31mXmbLXwLBUES7XgSc=", "last_login": "2022-03-31T13:28:11.704Z", "is_superuser": false, "username": "koala", "email": "koala@ex.com", "name": "", "birth_year": null, "bio": "", "avatar": "avatars/png-transparent-koala-bear-koala-mammal-animals-carnivoran.png", "date_joined": "2022-03-30T08:24:05.469Z", "is_active": true, "is_staff": false, "is_banned": false, "rating": 5, "groups": [], "user_permissions": []}}, {"model": "users.user", "pk": 3, "fields": {"password": "pbkdf2_sha256$320000$myffMwvx3ISyXGSJ2QHrfv$5LBU0Mdk9ImmFbxcfWBGPioNyuFcZxlEO8vM+Cs27dU=", "last_login": "2022-03-31T10:17:40.372Z", "is_superuser": false, "username": "Serega", "email": "ser@mail.ru", "name": "", "birth_year": null, "bio": "", "avatar": "avatars/no_avatar.png", "date_joined": "2022-03-30T08:35:05.259Z", "is_active": true, "is_staff": false, "is_banned": false, "rating": 5, "groups": [], "user_permissions": []}}, {"model": "users.user", "pk": 4, "fields": {"password": "pbkdf2_sha256$320000$4Ce44w5eOo1V0XEJRmdt7Y$QY9SQOdZ4cJBF9hD4b5DUylte3UsRS0Tu1V/p4XLSs8=", "last_login": "2022-03-31T16:47:34.417Z", "is_superuser": false, "username": "gleb", "email": "gleb@ex.com", "name": "Глеб Михалыч", "birth_year": "2001-12-09", "bio": "Меня зовут Глеб и я люблю хлеб", "avatar": "avatars/People-Avatar-Set-Rectangular-12.jpg", "date_joined": "2022-03-30T16:14:31.209Z", "is_active": true, "is_staff": false, "is_banned": false, "rating": 5, "groups": [], "user_permissions": []}}, {"model": "users.user", "pk": 5, "fields": {"password": "pbkdf2_sha256$320000$0Y6fcIK7Dw5ycpCoSnG1bl$oyIXwxxH/NENxL6HiA5xUN2QsGhRYEIGDAc2+q/Ft7s=", "last_login": "2022-03-31T15:57:55.858Z", "is_superuser": false, "username": "marya", "email": "marya@ex.com", "name": "", "birth_year": null, "bio": "", "avatar": "avatars/1_knXJc0PyM5n7OaGnJi79EQ.png", "date_joined": "2022-03-30T16:25:42.899Z", "is_active": true, "is_staff": false, "is_banned": false, "rating": 5, "groups": [], "user_permissions": []}}, {"model": "users.user", "pk": 6, "fields": {"password": "!kKhFASccvuuokK6pCkDGAIklmczxvZtRYJzk6f1Q", "last_login": "2022-03-31T18:20:06.603Z", "is_superuser": false, "username": "id1812949", "email": "nsergey_m@rambler.ru", "name": "Sergey", "birth_year": null, "bio": "", "avatar": "avatars/no_avatar.png", "date_joined": "2022-03-31T09:22:15.862Z", "is_active": true, "is_staff": false, "is_banned": false, "rating": 5, "groups": [], "user_permissions": []}}, {"model": "users.user", "pk": 7, "fields": {"password": "pbkdf2_sha256$320000$6DvYxXpxclLmloKDpubP3g$I3U1mLS8tgDZLyuKsUa7yEd2Wxa5ReOBmYyYWRIVMXU=", "last_login": "2022-03-31T10:26:21.655Z", "is_superuser": false, "username": "Rizik", "email": "12345@12345.ru", "name": "", "birth_year": null, "bio": "", "avatar": "avatars/no_avatar.png", "date_joined": "2022-03-31T10:26:01.093Z", "is_active": true, "is_staff": false, "is_banned": false, "rating": 5, "groups": [], "user_permissions": []}}, {"model": "users.user", "pk": 8, "fields": {"password": "!3tvLPoWOAjT96p5uRlLlz89CG9zz23TfXjg4mMQs", "last_login": "2022-03-31T11:32:14.203Z", "is_superuser": false, "username": "bfdismas", "email": "dismasfond@gmail.com", "name": "", "birth_year": null, "bio": "", "avatar": "avatars/no_avatar.png", "date_joined": "2022-03-31T11:32:14.166Z", "is_active": true, "is_staff": false, "is_banned": false, "rating": 5, "groups": [], "user_permissions": []}}, {"model": "users.user", "pk": 9, "fields": {"password": "!DaOFBXF54NF6fhrVMJihWmvjNsDz70BVpfi2t1pG", "last_login": "2022-03-31T17:33:37.886Z", "is_superuser": false, "username": "captainkoala", "email": "kostjan-pirat@rambler.ru", "name": "", "birth_year": null, "bio": "", "avatar": "avatars/no_avatar.png", "date_joined": "2022-03-31T16:24:46.024Z", "is_active": true, "is_staff": false, "is_banned": false, "rating": 5, "groups": [], "user_permissions": []}}, {"model": "users.user", "pk": 10, "fields": {"password": "pbkdf2_sha256$320000$GCFafpcQOKIy21ATrHsKjM$0YWdeoPnQqxunl3Md6uVbcyZNXRGAXRmOCCaIfmzS+c=", "last_login": "2022-03-31T17:51:14.318Z", "is_superuser": false, "username": "ae.polyakov", "email": "ae.polyakov@mail.ru", "name": "", "birth_year": null, "bio": "", "avatar": "avatars/no_avatar.png", "date_joined": "2022-03-31T16:42:14.987Z", "is_active": true, "is_staff": false, "is_banned": false, "rating": 5, "groups": [], "user_permissions": []}}]